,BookTitle,Author,URL,Category,Price (EGY),Rate
0,Atomic Habits,James Clear,https://diwanegypt.com/product/atomic-habits/," E Personal Growth, E Self-Help, English Adults",1260.0,A
1,A Little Life,Hanya Yanagihara,https://diwanegypt.com/product/little-life/," E General Fiction, E Literature & Fiction, English Adults",685.0,A
2,It Ends With Us,Colleen Hoover,https://diwanegypt.com/product/it-ends-with-us-2/," E Literature & Fiction, E Romance, English Adults",685.0,A
3,Meditations,Marcus Aurelius,https://diwanegypt.com/product/meditations/," E Ancient Philosophy, E Philosophy, English Adults",630.0,A
4,Silent Patient,Alex Michaelides,https://diwanegypt.com/product/silent-patient/," E Literature & Fiction, E Mystery & Thrillers, English Adults",580.0,A
5,How to Win Friends and Influence People,Dale Carnegie,https://diwanegypt.com/product/how-to-win-friends-and-influence-people/," E Relationships, E Self-Help, English Adults",635.0,A
6,The Body Keeps the Score,Bessel van der Kolk MD,https://diwanegypt.com/product/the-body-keeps-the-score/," E Anxiety & Trauma, E Psychology, English Adults",880.0,A
7,"Thinking, Fast and Slow",Daniel Kahneman,https://diwanegypt.com/product/thinking-fast-and-slow/," E Popular Psychology, E Psychology, English Adults",1010.0,A
8,Alchemist,Paulo Coelho,https://diwanegypt.com/product/alchemist/," E General Fiction, E Literature & Fiction, English Adults",490.0,A
9,Man’s Search for Meaning,Viktor E. Frankl,https://diwanegypt.com/product/mans-search-for-meaning/," E Biography & Memoirs, E Memoirs & Autobiographies, English Adults",690.0,A
10,The Secret History,Donna Tartt,https://diwanegypt.com/product/secret-history/," E Literary Fiction, E Literature & Fiction, English Adults",685.0,A
11,Normal People,Sally Rooney,https://diwanegypt.com/product/normal-people/," E Literary Fiction, E Literature & Fiction, English Adults",685.0,A
12,Before the Coffee Gets Cold,Toshikazu Kawaguchi,https://diwanegypt.com/product/before-the-coffee-gets-cold/," E General Fiction, E Literature & Fiction, English Adults",750.0,A
13,People We Meet on Vacation,Emily Henry,https://diwanegypt.com/product/people-we-meet-on-vacation/," E Literature & Fiction, E Romance, English Adults",635.0,A
14,Be Golden Edition,Nevin Elgendy,https://diwanegypt.com/product/be-golden-edition/," E Personal Growth, E Self-Help, English Adults",295.0,A
15,Power of Now,Eckhart Tolle,https://diwanegypt.com/product/power-of-now-a-guide-to-spiritual-enlightenment/," E Spirituality, E Spirituality, New Age & Yoga, English Adults",880.0,A
16,Think and Grow Rich,Napoleon Hill,https://diwanegypt.com/product/think-and-grow-rich/," E Business, E Finance & Investment, English Adults",540.0,A
17,Outliers,Malcolm Gladwell,https://diwanegypt.com/product/outliers-the-story-of-success/," E Personal Growth, E Self-Help, English Adults",490.0,A
18,Sapiens,Yuval Noah Harari,https://diwanegypt.com/product/sapiens-a-brief-history-of-humankind/," E Biology & Life Science, E Science & Technology, English Adults",880.0,A
19,Song of Achilles,Madeline Miller,https://diwanegypt.com/product/song-of-achilles/," E General Fiction, E Literature & Fiction, English Adults",690.0,A
20,Surrounded By Idiots,Thomas Erikson,https://diwanegypt.com/product/surrounded-by-idiots-the-four-types-of-human-behaviour-or-how-to-understand-those-who-cannot-be-understood/," E Popular Psychology, E Psychology, English Adults",750.0,A
21,12 Rules for Life,Jordan B. Peterson,https://diwanegypt.com/product/12-rules-for-life-an-antidote-to-chaos/," E Personal Growth, E Self-Help, English Adults",750.0,A
22,Circe,Madeline Miller,https://diwanegypt.com/product/circe-the-international-no-1-bestseller-shortlisted-for-the-womens-prize-for-fiction-2019/," E Fantasy, E Literature & Fiction, English Adults",685.0,A
23,Invisible Life of Addie Larue,V.E. Schwab,https://diwanegypt.com/product/invisible-life-of-addie-larue/," E Fantasy, E Literature & Fiction, English Adults",990.0,A
24,Midnight Library,Matt Haig,https://diwanegypt.com/product/midnight-library-2/," E General Fiction, E Literature & Fiction, English Adults",685.0,A
25,All the Light We Cannot See,Anthony Doerr,https://diwanegypt.com/product/all-the-light-we-cannot-see/," E General Fiction, E Literature & Fiction, English Adults",685.0,A
26,When the Body Says No,Gabor Mate,https://diwanegypt.com/product/when-the-body-says-no/," E Mind, Body & Spirit, E Self-Help, English Adults",880.0,A
27,Positive Discipline,Jane Nelson,https://diwanegypt.com/product/positive-discipline/," E Parenting, E Pregnancy & Parenting, English Adults",1130.0,A
28,Daisy Jones and The Six : Winner of the Glass Bell Award for Fiction,Taylor Jenkins Reid,https://diwanegypt.com/product/daisy-jones-and-the-six-winner-of-the-glass-bell-award-for-fiction/," E Biography & Memoirs, E Biography & True Stories, English Adults",685.0,A
29,Solve For Happy,Mo Gawdat,https://diwanegypt.com/product/solve-for-happy-engineer-your-path-to-joy/," E Personal Growth, E Self-Help, English Adults",750.0,A
30,Untethered Soul,Michael A. Singer,https://diwanegypt.com/product/untethered-soul-the-journey-beyond-yourself/," E General Psychology, E Psychology, English Adults",1075.0,A
31,The Forty Rules of Love,Elif Shafak,https://diwanegypt.com/product/forty-rules-of-love/," E General Fiction, E Literature & Fiction, English Adults",685.0,A
32,5 AM Club,Robin Sharma,https://diwanegypt.com/product/5-am-club/," E Personal Growth, E Self-Help, English Adults",1140.0,A
33,Emotional Intelligence,Daniel Goleman,https://diwanegypt.com/product/emotional-intelligence/," E Popular Psychology, E Psychology, English Adults",580.0,A
34,Night Circus,Erin Morgenstern,https://diwanegypt.com/product/night-circus/," E Fantasy, E Literature & Fiction, English Adults",580.0,A
35,Prince,Niccolo Machiavelli,https://diwanegypt.com/product/prince-collins-classics/," E Modern Philosophy, E Philosophy, English Adults",210.0,A
36,One Day in December,Josie Silver,https://diwanegypt.com/product/one-day-in-december/," E Literature & Fiction, E Romance, English Adults",580.0,A
37,Concise 48 Laws of Power,Robert Greene,https://diwanegypt.com/product/concise-48-laws-of-power/," E Modern Philosophy, E Philosophy, English Adults",685.0,A
38,Little Women,Louisa May Alcott & Lynn Messi,https://diwanegypt.com/product/little-women/," E Classics, E Literature & Fiction, English Adults",420.0,A
39,Tuesdays with Morrie,Mitch Albom,https://diwanegypt.com/product/tuesdays-with-morrie/," E General Fiction, E Literature & Fiction, English Adults",540.0,A
40,Brave New World,Aldous Huxley,https://diwanegypt.com/product/brave-new-world/," E Classics, E Literature & Fiction, English Adults",560.0,A
41,Bell Jar,Sylvia Plath,https://diwanegypt.com/product/bell-jar/," E Contemporary Classics, E Literature & Fiction, English Adults",630.0,A
42,7 Habits Of Highly Effective People: Revised and Updated : 30th Anniversary Edition,Stephen R. Covey,https://diwanegypt.com/product/7-habits-of-highly-effective-people-revised-and-updated-30th-anniversary-edition/," E Personal Growth, E Self-Help, English Adults",1010.0,A
43,Norwegian Wood,Haruki Murakami,https://diwanegypt.com/product/norwegian-wood/," E Literary Fiction, E Literature & Fiction, English Adults",580.0,A
44,Death on the Nile,Agatha Christie,https://diwanegypt.com/product/death-on-the-nile/," E Literature & Fiction, E Mystery & Thrillers, English Adults",560.0,A
45,Ikigai,Francesc Miralles & Héctor Gar,https://diwanegypt.com/product/ikigai-the-japanese-secret-to-a-long-and-happy-life/," E Eastern Philosophy, E Philosophy, English Adults",1010.0,A
46,And Then There Were None,Agatha Christie,https://diwanegypt.com/product/and-then-there-were-none/," E Literature & Fiction, E Mystery & Thrillers, English Adults",540.0,A
47,The 48 Laws of Power,Robert Greene,https://diwanegypt.com/product/48-laws-of-power-2/," E Modern Philosophy, E Philosophy, English Adults",1335.0,A
48,How to Do the Work,Nicole LePera,https://diwanegypt.com/product/how-to-do-the-work/," E Personal Growth, E Self-Help, English Adults",1260.0,A
49,Breaking the Habit of Being Yourself : How to Lose Your Mind and Create a New One,Joe Dispenza,https://diwanegypt.com/product/breaking-the-habit-of-being-yourself-how-to-lose-your-mind-and-create-a-new-one/," E Personal Growth, E Self-Help, English Adults",1010.0,A
50,5 Love Languages,Gary Chapman,https://diwanegypt.com/product/5-love-languages-the-secret-to-love-that-lasts/," E Relationships, E Self-Help, English Adults",965.0,A
51,One Hundred Years of Solitude,Gabriel García Márquez,https://diwanegypt.com/product/one-hundred-years-of-solitude/," E Literary Fiction, E Literature & Fiction, English Adults",685.0,A
52,Rich Dad Poor dad,Robert T. Kiyosaki,https://diwanegypt.com/product/rich-dad-poor-dad-2/," E Business, E Finance & Investment, English Adults",580.0,A
53,The Art of Seduction,Robert Greene,https://diwanegypt.com/product/art-of-seduction/," E Relationships, E Self-Help, English Adults",1560.0,A
54,Cairo Since 1900,Mohamed Elshahed,https://diwanegypt.com/product/cairo-since-1900-an-architectural-guide/," E Egypt Essentials, E Egypt Essentials, English Adults",900.0,A
55,Start With Why,Simon Sinek,https://diwanegypt.com/product/start-with-why-how-great-leaders-inspire-everyone-to-take-action/," E Business, E Management & Leadership, English Adults",750.0,A
56,Secrets of Divine Love,A.Helwa,https://diwanegypt.com/product/secrets-of-divine-love/," E Spirituality, New Age & Yoga, E Sufism, English Adults",1500.0,A
57,The Psychology of Money,Morgan Housel,https://diwanegypt.com/product/the-psychology-of-money/," E Business, E Finance & Investment, English Adults",1010.0,A
58,Atlas of the Heart,Brene Brown,https://diwanegypt.com/product/atlas-of-the-heart/," E Personal Growth, E Self-Help, English Adults",1750.0,A
59,On Earth We’re Briefly Gorgeous,Ocean Vuong,https://diwanegypt.com/product/on-earth-were-briefly-gorgeou/," E General Fiction, E Literature & Fiction, English Adults",610.0,A
60,Bilhana,Yasmine Elgharably & Shewekar,https://diwanegypt.com/product/bilhana/," E Cookery, E Middle Eastern Cookery, English Adults",850.0,A
61,Man and His Symbols,Carl Gustav Jung,https://diwanegypt.com/product/man-and-his-symbols/," E General Psychology, E Psychology, English Adults",580.0,A
62,The Perks of Being a Wallflower,Stephen Chbosky,https://diwanegypt.com/product/perks-of-being-a-wallflower/," E General Fiction, E Literature & Fiction, English Adults",630.0,A
63,You Can Heal Your Life,Louise L. Hay,https://diwanegypt.com/product/you-can-heal-your-life/," E Spirituality, E Spirituality, New Age & Yoga, English Adults",880.0,A
64,Ugly Love,Colleen Hoover,https://diwanegypt.com/product/ugly-love/," E Literature & Fiction, E Romance, English Adults",685.0,A
65,Maybe You Should Talk to Someone,Lori Gottlieb,https://diwanegypt.com/product/maybe-you-should-talk-to-someo-2/," E Psychology, E Therapy, English Adults",685.0,A
66,Beach Read,Emily Henry,https://diwanegypt.com/product/beach-read/," E Literature & Fiction, E Romance, English Adults",720.0,A
67,The Power Of Your Subconscious Mind,Joseph Murphy,https://diwanegypt.com/product/power-of-your-subconscious-mind-revised-one-of-the-most-powerful-self-help-guides-ever-written/," E Mind, Body & Spirit, E Self-Help, English Adults",685.0,A
68,How to Talk to Anyone,Leil Lowndes,https://diwanegypt.com/product/how-to-talk-to-anyone-92-little-tricks-for-big-success-in-relationships/," E Relationships, E Self-Help, English Adults",560.0,A
69,Fahrenheit 451,Ray Bradbury,https://diwanegypt.com/product/fahrenheit-451-flamingo-modern-classics/," E Contemporary Classics, E Literature & Fiction, English Adults",560.0,A
70,The Seven Husbands of Evelyn Hugo,Taylor Jenkins Reid,https://diwanegypt.com/product/the-seven-husbands-of-evelyn-h/," E General Fiction, E Literature & Fiction, English Adults",630.0,A
71,Women Who Run with the Wolves,Clarissa Pinkola Estés,https://diwanegypt.com/product/women-who-run-with-the-wolves-2/," E Folk Tales, E Mythology & Folk Tales, English Adults",580.0,A
72,Games People Play,Eric Berne,https://diwanegypt.com/product/games-people-play/," E Popular Psychology, E Psychology, English Adults",750.0,A
73,The Lean Startup,Eric Ries,https://diwanegypt.com/product/the-lean-startup/," E Business, E Entrepreneurship, English Adults",1010.0,A
74,Mindset,Carol Dweck,https://diwanegypt.com/product/mindset-2/," E Positive Psychology, E Psychology, English Adults",965.0,A
75,Stranger,Albert Camus,https://diwanegypt.com/product/stranger/," E Classics, E Literature & Fiction, English Adults",855.0,A
76,Feel the Fear and Do it Anyway,Susan Jeffers,https://diwanegypt.com/product/feel-the-fear-and-do-it-anyway-how-to-turn-your-fear-and-indecision-into-confidence-and-action/," E Personal Growth, E Self-Help, English Adults",750.0,A
77,101 Essays That Will Change the Way you Think,Brianna Wiest,https://diwanegypt.com/product/101-essays-that-will-change/," E General Psychology, E Psychology, English Adults",910.0,A
78,"Men Are from Mars, Women Are f",John Gray,https://diwanegypt.com/product/men-are-from-mars-women-are-from-venus-practical-guide-for-improving-communication-and-getting-what-you-want/," E Relationships, E Self-Help, English Adults",630.0,A
79,Kafka on the Shore,Haruki Murakami,https://diwanegypt.com/product/kafka-on-the-shore/," E Literary Fiction, E Literature & Fiction, English Adults",580.0,A
80,Things You Can See Only When You Slow Down,Haemin Sunim,https://diwanegypt.com/product/things-you-can-see-only-when-y/," E Spirituality, E Spirituality, New Age & Yoga, English Adults",750.0,A
81,Lord of the Rings 1 Fellowship,J.R.R. Tolkien,https://diwanegypt.com/product/lord-of-the-rings-1-fellowship-of-the-ring/," E Fantasy, E Literature & Fiction, English Adults",540.0,A
82,New Earth,Eckhart Tolle,https://diwanegypt.com/product/new-earth-create-a-better-life/," E Spirituality, E Spirituality, New Age & Yoga, English Adults",750.0,A
83,Twisted Love,Ana Huang,https://diwanegypt.com/product/twisted-love/," E Literature & Fiction, E Romance, English Adults",685.0,A
84,Never Split The Difference,Chris Voss,https://diwanegypt.com/product/never-split-the-difference-2/," E Business, E General Business, English Adults",560.0,A
85,Goldfinch,Donna Tartt,https://diwanegypt.com/product/goldfinch/," E Literary Fiction, E Literature & Fiction, English Adults",880.0,A
86,Wisdom of the Enneagram,Don Richard Riso & R. Hudson,https://diwanegypt.com/product/wisdom-of-the-enneagram-the-complete-guide-to-psychological-and-spiritual-growth-for-the-nine-personality-types/," E Enneagram, E Psychology, English Adults",1320.0,A
87,The Power of Positive Thinking,Norman Vincent Peale,https://diwanegypt.com/product/power-of-positive-thinking/," E Mind, Body & Spirit, E Self-Help, English Adults",560.0,A
88,Hobbit,J.R.R. Tolkien,https://diwanegypt.com/product/hobbit/," E Fantasy, E Literature & Fiction, English Adults",630.0,A
89,10 Minutes 38 Seconds in this Strange World,Elif Shafak,https://diwanegypt.com/product/10-minutes-38-seconds-in-this-strange-world-2/," E General Fiction, E Literature & Fiction, English Adults",685.0,A
90,Beer in the Snooker Club,Waguih Ghali,https://diwanegypt.com/product/beer-in-the-snooker-club/," E Contemporary Classics, E Literature & Fiction, English Adults",685.0,A
91,Definitive Book of Body Langua,Allan Pease & Barbara Pease,https://diwanegypt.com/product/definitive-book-of-body-language-how-to-read-others-attitudes-by-their-gestures/," E Popular Psychology, E Psychology, English Adults",750.0,A
92,Five People You Meet in Heaven,Mitch Albom,https://diwanegypt.com/product/five-people-you-meet-in-heaven/," E General Fiction, E Literature & Fiction, English Adults",685.0,A
93,Verity,Colleen Hoover,https://diwanegypt.com/product/verity-2/," E Literature & Fiction, E Romance, English Adults",685.0,A
94,Sinai People Faces of Time,Kathrin Sombold,https://diwanegypt.com/product/sinai-people-faces-of-time/," E Egypt Essentials, E Egypt Essentials, English Adults",500.0,A
95,The Secret,Rhonda Byrne,https://diwanegypt.com/product/secret/," E Mind, Body & Spirit, E Self-Help, English Adults",1010.0,A
96,Undiscovered Self,Carl Gustav Jung,https://diwanegypt.com/product/undiscovered-self/," E General Psychology, E Psychology, English Adults",635.0,A
97,Who Moved My Cheese?,Spencer Johnson,https://diwanegypt.com/product/who-moved-my-cheese-an-amazing-way-to-deal-with-change-in-your-work-and-in-your-life/," E Personal Growth, E Self-Help, English Adults",630.0,A
98,Intermezzo,Sally Rooney,https://diwanegypt.com/product/intermezzo/," E General Fiction, E Literature & Fiction, English Adults",1010.0,A
99,It Didn’t Start With You,Mark Wolynn,https://diwanegypt.com/product/it-didnt-start-with-you-how-inherited-family-trauma-shapes-who-we-are-and-how-to-end-the-cycle/," E Popular Psychology, E Psychology, English Adults",1020.0,A
100,Wind-up Bird Chronicle,Haruki Murakami,https://diwanegypt.com/product/wind-up-bird-chronicle/," E Literary Fiction, E Literature & Fiction, English Adults",685.0,A
101,Freakonomics,Steven D. Levitt & Stephen J.,https://diwanegypt.com/product/freakonomics-a-rogue-economist-explores-the-hidden-side-of-everything/," E Economics, E Popular Economics, English Adults",540.0,A
102,Terms And Conditions,Lauren Asher,https://diwanegypt.com/product/terms-and-conditions/," E Literature & Fiction, E Romance, English Adults",685.0,A
103,Book Lovers,Emily Henry,https://diwanegypt.com/product/book-lovers/," E Literature & Fiction, E Romance, English Adults",635.0,A
104,The Artist’s Way,Julia Cameron,https://diwanegypt.com/product/artists-way/," E Personal Growth, E Self-Help, English Adults",1130.0,A
105,4-Hour Work Week,Timothy Ferriss,https://diwanegypt.com/product/4-hour-work-week/," E Business, E Job Hunting & Careers, English Adults",815.0,A
106,Quiet,Susan Cain,https://diwanegypt.com/product/quiet/," E Popular Psychology, E Psychology, English Adults",750.0,A
107,Untamed,Glennon Doyle,https://diwanegypt.com/product/untamed-stop-pleasing-start-living/," E Biography & Memoirs, E Memoirs & Autobiographies, English Adults",1010.0,A
108,Daring Greatly,Brene Brown,https://diwanegypt.com/product/daring-greatly-how-the-courage-to-be-vulnerable-transforms-the-way-we-live-love-parent-and-lead/," E Personal Growth, E Self-Help, English Adults",1075.0,B
109,Brief History of Time,Stephen Hawking,https://diwanegypt.com/product/brief-history-of-time/," E Astronomy & Cosmology, E Science & Technology, English Adults",630.0,B
110,The Laws of Human Nature,Robert Greene,https://diwanegypt.com/product/laws-of-human-nature/," E Personal Growth, E Self-Help, English Adults",1130.0,B
111,Sex and the Citadel,Shereen El Feki,https://diwanegypt.com/product/sex-and-the-citadel-intimate-life-in-a-changing-arab-world/," E Gender & Women Studies, E Society & Culture, English Adults",560.0,B
112,The Powerless Trilogy 1: Powerless,Lauren Roberts,https://diwanegypt.com/product/the-powerless-trilogy-1-powerless/," E Fantasy, E Literature & Fiction, English Adults",685.0,B
113,The Seven Year Slip,,https://diwanegypt.com/product/the-seven-year-slip/," E Literature & Fiction, E Romance, English Adults",685.0,B
114,The Mountain Is You,Brianna Wiest,https://diwanegypt.com/product/the-mountain-is-you/," E Personal Growth, E Self-Help, English Adults",1020.0,B
115,What to Expect: The First Year,Heidi Murkoff,https://diwanegypt.com/product/what-to-expect-the-first-year/," E Parenting, E Pregnancy & Parenting, English Adults",685.0,B
116,"Red, White & Royal Blue",Casey McQuiston,https://diwanegypt.com/product/red-white-royal-blue/," E Literature & Fiction, E Romance, English Adults",935.0,B
117,Three Daughters of Eve,Elif Shafak,https://diwanegypt.com/product/three-daughters-of-eve/," E General Fiction, E Literature & Fiction, English Adults",685.0,B
118,The Handmaid’s Tale,Margaret Atwood,https://diwanegypt.com/product/handmaids-tale/," E Literary Fiction, E Literature & Fiction, English Adults",685.0,B
119,Essential Rumi,Jalal Al-Din Rumi,https://diwanegypt.com/product/essential-rumi/," E Spirituality, New Age & Yoga, E Sufism, English Adults",1020.0,B
120,If we were villains,M. L. Rio,https://diwanegypt.com/product/if-we-were-villains/," E Literature & Fiction, E Mystery & Thrillers, English Adults",1075.0,B
121,Conversations with Friends,Sally Rooney,https://diwanegypt.com/product/conversations-with-friends/," E Literary Fiction, E Literature & Fiction, English Adults",935.0,B
122,Metamorphosis,Franz Kafka,https://diwanegypt.com/product/metamorphosis/," E Classics, E Literature & Fiction, English Adults",420.0,B
123,Murder on the Orient Express,Agatha Christie,https://diwanegypt.com/product/murder-on-the-orient-express/," E Literature & Fiction, E Mystery & Thrillers, English Adults",540.0,B
124,Complete Sherlock Holmes,Arthur Conan Doyle,https://diwanegypt.com/product/complete-sherlock-holmes-all-4-novels-and-56-short-stories/," E Classics, E Literature & Fiction, English Adults",795.0,B
125,Twisted Games,Ana Huang,https://diwanegypt.com/product/twisted-games/," E Literature & Fiction, E Romance, English Adults",685.0,B
126,Stormlight Archive 1 Way of Ki,Brandon Sanderson,https://diwanegypt.com/product/stormlight-archive-1-way-of-ki/," E Literature & Fiction, E Science Fiction & Dystopia, English Adults",745.0,B
127,How to Talk So Kids Will Liste,Adele Faber & Elaine Mazlish,https://diwanegypt.com/product/how-to-talk-so-kids-will-listen-and-listen-so-kids-will-talk/," E Parenting, E Pregnancy & Parenting, English Adults",1075.0,B
128,Leaders Eat Last,Simon Sinek,https://diwanegypt.com/product/leaders-eat-last-why-some-teams-pull-together-and-others-dont/," E Business, E Management & Leadership, English Adults",750.0,B
129,Good Reasons for Bad Feelings,Randolph M. Nesse,https://diwanegypt.com/product/good-reasons-for-bad-feelings/," E General Psychology, E Psychology, English Adults",750.0,B
130,The Poppy War,R.F. Kuang,https://diwanegypt.com/product/the-poppy-war/," E Fantasy, E Literature & Fiction, English Adults",685.0,B
131,Priory of the Orange Tree,Samantha Shannon,https://diwanegypt.com/product/priory-of-the-orange-tree/," E Fantasy, E Literature & Fiction, English Adults",750.0,B
132,Dialogues of Plato,Plato,https://diwanegypt.com/product/dialogues-of-plato/," E Ancient Philosophy, E Philosophy, English Adults",420.0,B
133,Rich Dad’s Cashflow Quadrant,Robert T. Kiyosaki,https://diwanegypt.com/product/rich-dads-cashflow-quadrant-2/," E Business, E Finance & Investment, English Adults",480.0,B
134,Monk Who Sold His Ferrari,Robin S. Sharma,https://diwanegypt.com/product/monk-who-sold-his-ferrari-a-fable-about-fulfilling-your-dreams-reaching-your-destiny/," E Personal Growth, E Self-Help, English Adults",540.0,B
135,Deep Work,Cal Newport,https://diwanegypt.com/product/deep-work/," E Business, E Management & Leadership, English Adults",1140.0,B
136,Hating Game,Sally Thorne,https://diwanegypt.com/product/hating-game-2/," E Literature & Fiction, E Romance, English Adults",685.0,B
137,Great Gatsby,Francis-Scott Fitzgerald,https://diwanegypt.com/product/great-gatsby/," E Classics, E Literature & Fiction, English Adults",240.0,B
138,Midaq Alley,Naguib Mahfouz,https://diwanegypt.com/product/midaq-alley/," E Arabic Literature in Translation, E Literature & Fiction, English Adults",300.0,B
139,Kallimni ‘Arabi,Samia Louis,https://diwanegypt.com/product/kallimni-arabi-an-intermediate-course-in-spoken-egyptian-arabic/," E Foreign Language Study, E Study Guides, English Adults",900.0,B
140,On Identity,Amin Maalouf,https://diwanegypt.com/product/on-identity/," E Society & Culture, E Society & Culture Studies, English Adults",685.0,B
141,Thousand Splendid Suns,Khaled Hosseini,https://diwanegypt.com/product/thousand-splendid-suns/," E General Fiction, E Literature & Fiction, English Adults",685.0,B
142,King of Wrath,Ana Huang,https://diwanegypt.com/product/king-of-wrath/," E Literature & Fiction, E Romance, English Adults",685.0,B
143,Beautiful World Where Are You,Sally Rooney,https://diwanegypt.com/product/beautiful-world-where-are-you/," E Literary Fiction, E Literature & Fiction, English Adults",935.0,B
144,The Daily Stoic,Ryan Holiday & Steve Hanselman,https://diwanegypt.com/product/daily-stoic/," E Business, E Management & Leadership, English Adults",750.0,B
145,Bridgerton: The Duke and I,Julia Quinn,https://diwanegypt.com/product/bridgerton-the-duke-and-i/," E Literature & Fiction, E Romance, English Adults",685.0,B
146,Orientalism,Edward W. Said,https://diwanegypt.com/product/orientalism/," E History & Politics, E Middle East History & Current Affairs, English Adults",1075.0,B
147,Guest List,Lucy Foley,https://diwanegypt.com/product/guest-list/," E Literature & Fiction, E Mystery & Thrillers, English Adults",685.0,B
148,Children of the Alley,Naguib Mahfouz,https://diwanegypt.com/product/children-of-the-alley/," E Arabic Literature in Translation, E Literature & Fiction, English Adults",450.0,B
149,Good Vibes Good Life : How Self-Love Is the Key to Unlocking Your Greatness,Vex King,https://diwanegypt.com/product/good-vibes-good-life/," E Personal Growth, E Self-Help, English Adults",880.0,B
150,Plague,Albert Camus,https://diwanegypt.com/product/plague-2/," E Classics, E Literature & Fiction, English Adults",685.0,B
151,Kallimni ‘Arabi Bishweesh,Samia Louis,https://diwanegypt.com/product/kallimni-arabi-bishweesh-a-beginners-course-in-spoken-egyptian-arabic-1/," E Foreign Language Study, E Study Guides, English Adults",900.0,B
152,Heal Your Body,Louise Hay,https://diwanegypt.com/product/heal-your-body-the-mental-causes-for-physical-illness-and-the-metaphysical-way-to-overcome-them/," E New Age, E Spirituality, New Age & Yoga, English Adults",750.0,B
153,Educated,Tara Westover,https://diwanegypt.com/product/educated-the-international-bestselling-memoir/," E Biography & Memoirs, E Memoirs & Autobiographies, English Adults",750.0,B
154,Man in the White Sharkskin Sui,Lucette Matalon Lagnado,https://diwanegypt.com/product/man-in-the-white-sharkskin-suit/," E Biography & Memoirs, E Memoirs & Autobiographies, English Adults",1130.0,B
155,The Empyrean 2: Iron Flame,Rebecca Yarros,https://diwanegypt.com/product/the-empyrean-2-iron-flame/," E Fantasy, E Literature & Fiction, English Adults",1140.0,B
156,Letters of Enchantment 1: Divine Rivals,Rebecca Ross,https://diwanegypt.com/product/letters-of-enchantment-1-divine-rivals/," E Fantasy, E Literature & Fiction, English Adults",855.0,B
157,Babel,R.F. Kuang,https://diwanegypt.com/product/babel-2/," E Fantasy, E Literature & Fiction, English Adults",685.0,B
158,Cleopatra and Frankenstein,Coco Mellors,https://diwanegypt.com/product/cleopatra-and-frankenstein-2/," E Literature & Fiction, E Romance, English Adults",685.0,B
159,Things We Never Got Over,Lucy Score,https://diwanegypt.com/product/things-we-never-got-over/," E Literature & Fiction, E Romance, English Adults",685.0,B
160,Twisted Hate,Ana Huang,https://diwanegypt.com/product/twisted-hate/," E Literature & Fiction, E Romance, English Adults",685.0,B
161,Conversations On Love,Natasha Lunn,https://diwanegypt.com/product/conversations-on-love/," E Relationships, E Self-Help, English Adults",750.0,B
162,Whole-Brain Child,Daniel J. Siegel,https://diwanegypt.com/product/whole-brain-child/," E Parenting, E Pregnancy & Parenting, English Adults",1075.0,B
163,Dune Messiah,Frank Herbert,https://diwanegypt.com/product/dune-messiah/," E Fantasy, E Literature & Fiction, English Adults",685.0,B
164,The Richest Man in Babylon,George S. Clason,https://diwanegypt.com/product/richest-man-in-babylon/," E Business, E Finance & Investment, English Adults",635.0,B
165,The Kite Runner,Khaled Hosseini,https://diwanegypt.com/product/kite-runner-2/," E General Fiction, E Literature & Fiction, English Adults",490.0,B
166,They Both Die at the End,Adam Silvera,https://diwanegypt.com/product/they-both-die-at-the-end-2/," E Literature & Fiction, E Romance, English Adults",585.0,B
167,Autobiography of Malcolm X,Malcolm X & Alex Haley,https://diwanegypt.com/product/autobiography-of-malcolm-x/," E Biography & Memoirs, E Memoirs & Autobiographies, English Adults",580.0,B
168,Gentleman in Moscow,Amor Towles,https://diwanegypt.com/product/gentleman-in-moscow/," E Literary Fiction, E Literature & Fiction, English Adults",685.0,B
169,City of Brass,S. A. Chakraborty,https://diwanegypt.com/product/city-of-brass/," E Fantasy, E Literature & Fiction, English Adults",685.0,B
170,My Brilliant Friend,Elena Ferrante,https://diwanegypt.com/product/my-brilliant-friend-2/," E Literary Fiction, E Literature & Fiction, English Adults",750.0,B
171,Reasons to Stay Alive,Matt Haig,https://diwanegypt.com/product/reasons-to-stay-alive/," E Mind, Body & Spirit, E Self-Help, English Adults",685.0,B
172,"Boy, The Mole, The Fox and The Hourse",Charlie Mackesy,https://diwanegypt.com/product/boy-the-mole-the-fox-and-the-horse/," E Graphic Novels &Comics, E Graphic Novels, Comics & Manga, English Adults",1335.0,B
173,Road Less Travelled,M. Scott Peck,https://diwanegypt.com/product/road-less-travelled/," E Mind, Body & Spirit, E Self-Help, English Adults",685.0,B
174,Final Offer,Lauren Asher,https://diwanegypt.com/product/final-offer/," E Literature & Fiction, E Romance, English Adults",685.0,B
175,The Fine Print Book 1,Lauren Asher,https://diwanegypt.com/product/the-fine-print-book-1/," E Literature & Fiction, E Romance, English Adults",685.0,B
176,Wonders of Egypt,Giorgio Ferrero,https://diwanegypt.com/product/wonders-of-egypt/," E Egypt Essentials, E Egypt Essentials, English Adults",550.0,B
177,Last Wish,Andrzej Sapkowski,https://diwanegypt.com/product/last-wish-2/," E Fantasy, E Literature & Fiction, English Adults",685.0,B
178,Intelligent Investor,Benjamin Graham & Jason Zweig,https://diwanegypt.com/product/intelligent-investor/," E Business, E Finance & Investment, English Adults",1270.0,B
179,Invisible Women,Caroline Criado Perez,https://diwanegypt.com/product/invisible-women-exposing-data-bias-in-a-world-designed-for-men/," E Gender & Women Studies, E Society & Culture, English Adults",880.0,B
180,Seat of the Soul,Gary Zukav,https://diwanegypt.com/product/seat-of-the-soul-25th-anniversary-edition-with-a-study-guide/," E Spirituality, E Spirituality, New Age & Yoga, English Adults",1075.0,B
181,Awaken the Giant Within,Anthony Robbins,https://diwanegypt.com/product/awaken-the-giant-within-how-to-take-immediate-control-of-your-mental-emotional-physical-and-financial-life/," E Personal Growth, E Self-Help, English Adults",750.0,B
182,Digital Minimalism,Cal Newport,https://diwanegypt.com/product/digital-minimalism-choosing-a-focused-life-in-a-noisy-world/," E Personal Growth, E Self-Help, English Adults",750.0,B
183,Letters of Enchantment 2: Ruthless Vows,Rebecca Ross,https://diwanegypt.com/product/letters-of-enchantment-2-ruthless-vows/," E Fantasy, E Literature & Fiction, English Adults",855.0,B
184,Lakefront Billionaires 1: Love Redesigned,Lauren Asher,https://diwanegypt.com/product/lakefront-billionaires-1-love-redesigned/," E Literature & Fiction, E Romance, English Adults",685.0,B
185,The Housemaid 1: The Housemaid,Freida McFadden,https://diwanegypt.com/product/the-housemaid-1-the-housemaid/," E Literature & Fiction, E Mystery & Thrillers, English Adults",685.0,B
186,My Year of Rest and Relaxation,Ottessa Moshfegh,https://diwanegypt.com/product/my-year-of-rest-and-relaxation/," E General Fiction, E Literature & Fiction, English Adults",685.0,B
187,Pride and Prejudice,Jane Austen,https://diwanegypt.com/product/pride-and-prejudice-4/," E Classics, E Literature & Fiction, English Adults",540.0,B
188,Sword of Destiny,Andrzej Sapkowski,https://diwanegypt.com/product/sword-of-destiny/," E Fantasy, E Literature & Fiction, English Adults",685.0,B
189,My Dark Vanessa,Kate Elizabeth Russell,https://diwanegypt.com/product/my-dark-vanessa/," E General Fiction, E Literature & Fiction, English Adults",685.0,B
190,Hamnet,Maggie O'Farrell,https://diwanegypt.com/product/hamnet-2/," E General Fiction, E Literature & Fiction, English Adults",685.0,B
191,Tale of Two Cities,Charles Dickens,https://diwanegypt.com/product/tale-of-two-cities/," E Classics, E Literature & Fiction, English Adults",210.0,B
192,A History of Arab Graphic Design,Bahia Shehab,https://diwanegypt.com/product/history-of-arab-graphic-design/," E Art, Fashion & Photography, E Design & Illustration, English Adults",1400.0,B
193,The Concise Art of Seduction,Robert Greene,https://diwanegypt.com/product/concise-seduction/," E Relationships, E Self-Help, English Adults",685.0,B
194,Sufi Book of Life,Neil Douglas-Klotz,https://diwanegypt.com/product/sufi-book-of-life-99-pathways-of-the-heart-for-the-modern-dervish/," E Spirituality, New Age & Yoga, E Sufism, English Adults",1075.0,B
195,13 Things Mentally Strong People Don’t Do,Amy Morin,https://diwanegypt.com/product/13-things-mentally-strong-people-dont-do/," E Business, E Management & Leadership, English Adults",1020.0,B
196,If We Were Villains,M. L. Rio,https://diwanegypt.com/product/if-we-were-villains-2/," E Literature & Fiction, E Mystery & Thrillers, English Adults",685.0,B
197,Boundaries Updated and Expande,Henry Cloud & John Townsend,https://diwanegypt.com/product/boundaries-updated-and-expande/," E Spirituality, E Spirituality, New Age & Yoga, English Adults",1130.0,B
198,Notes from Underground,Fyodor Dostoevsky,https://diwanegypt.com/product/notes-from-underground/," E Classics, E Literature & Fiction, English Adults",855.0,B
199,Layla,Colleen Hoover,https://diwanegypt.com/product/layla/," E Literature & Fiction, E Romance, English Adults",855.0,B
200,Dare to Lead,Brene Brown,https://diwanegypt.com/product/dare-to-lead/," E Business, E Management & Leadership, English Adults",965.0,B
201,Phantom of the Opera,Gaston Leroux,https://diwanegypt.com/product/phantom-of-the-opera/," E Classics, E Literature & Fiction, English Adults",210.0,B
202,Architecture of Happiness,Alain De Botton,https://diwanegypt.com/product/architecture-of-happiness/," E Modern Philosophy, E Philosophy, English Adults",880.0,B
203,Kallimni ‘Arabi Aktar,Samia Louis,https://diwanegypt.com/product/kallimni-arabi-aktar/," E Foreign Language Study, E Study Guides, English Adults",900.0,B
204,Sophie’s World,Jostein Gaarder,https://diwanegypt.com/product/sophies-world-20th-anniversary-edition/," E General Fiction, E Literature & Fiction, English Adults",685.0,B
205,11.22.63,Stephen King,https://diwanegypt.com/product/11-22-63/," E Literature & Fiction, E Mystery & Thrillers, English Adults",880.0,B
206,33 Strategies of War,Robert Greene,https://diwanegypt.com/product/33-strategies-of-war-joost-elffers-books/," E Modern Philosophy, E Philosophy, English Adults",1560.0,B
207,The Hundred Years’ War on Palestine: A History of Settler Co,Rashid Khalidi,https://diwanegypt.com/product/the-hundred-years-war-on-palestine-a-history-of-settler-co/," E History & Politics, E Middle East History & Current Affairs, English Adults",1130.0,B
208,Kings of Sin 3: King of Greed,,https://diwanegypt.com/product/kings-of-sin-3-king-of-greed/," E Literature & Fiction, E Romance, English Adults",685.0,B
209,The Love Hypothesis,Ali Hazelwood,https://diwanegypt.com/product/the-love-hypothesis/," E Literature & Fiction, E Romance, English Adults",685.0,B
210,Love And Other Words,Christina Lauren,https://diwanegypt.com/product/love-and-other-words/," E Literature & Fiction, E Romance, English Adults",685.0,B
211,If An Egyptian Cannot Speak English,Noor Naga,https://diwanegypt.com/product/if-an-egyptian-cannot-speak-en/," E General Fiction, E Literature & Fiction, English Adults",965.0,B
212,Unbearable Lightness of Being,Milan Kundera,https://diwanegypt.com/product/unbearable-lightness-of-being-2/," E Contemporary Classics, E Literature & Fiction, English Adults",685.0,B
213,Beach Read,Emily Henry,https://diwanegypt.com/product/beach-read-2/," E Literature & Fiction, E Romance, English Adults",685.0,B
214,The Island Of Missing Trees,Elif Shafak,https://diwanegypt.com/product/the-island-of-missing-trees-2/," E General Fiction, E Literature & Fiction, English Adults",685.0,B
215,Vicious,V. E. Schwab and Victoria Schw,https://diwanegypt.com/product/vicious-2/," E Fantasy, E Literature & Fiction, English Adults",685.0,B
216,Highly Sensitive Person,Elaine N. Aron,https://diwanegypt.com/product/highly-sensitive-person/," E Popular Psychology, E Psychology, English Adults",1010.0,C
217,The Unhoneymooners,Christina Lauren,https://diwanegypt.com/product/the-unhoneymooners/," E Literature & Fiction, E Romance, English Adults",935.0,C
218,All The Lonely People,Mike Gayle,https://diwanegypt.com/product/all-the-lonely-people/," E General Fiction, E Literature & Fiction, English Adults",585.0,C
219,Kallimni ‘Arabi Mazboot,Samia Louis,https://diwanegypt.com/product/kallimni-arabi-mazboot/," E Foreign Language Study, E Study Guides, English Adults",900.0,C
220,Traditional Jewelry of Egypt,Azza Fahmy,https://diwanegypt.com/product/traditional-jewelry-of-egypt/," E Art, Fashion & Photography, E Design & Illustration, English Adults",900.0,C
221,It’s Not Always Depression,Hilary Jacobs Hendel,https://diwanegypt.com/product/its-not-always-depression/," E Popular Psychology, E Psychology, English Adults",750.0,C
222,Ninth House Alex Stern Series,Leigh Bardugo,https://diwanegypt.com/product/ninth-house-alex-stern-series/," E Fantasy, E Literature & Fiction, English Adults",685.0,C
223,Zikrayat,Nayra Atiya,https://diwanegypt.com/product/zikrayat-eight-jewish-women-remember-egypt/," E Biography & Memoirs, E Memoirs & Autobiographies, English Adults",400.0,C
224,When Panic Attacks,David D. Burns,https://diwanegypt.com/product/when-panic-attacks/," E Popular Psychology, E Psychology, English Adults",1020.0,C
225,Map of Love,Ahdaf Soueif,https://diwanegypt.com/product/map-of-love/," E Literary Fiction, E Literature & Fiction, English Adults",630.0,C
226,All Adults Here,Emma Straub,https://diwanegypt.com/product/all-adults-here/," E General Fiction, E Literature & Fiction, English Adults",935.0,C
227,Part Of Your World,Abby Jimenez,https://diwanegypt.com/product/part-of-your-world-2/," E Literature & Fiction, E Romance, English Adults",685.0,C
228,Twisted Lies,Ana Huang,https://diwanegypt.com/product/twisted-lies/," E Literature & Fiction, E Romance, English Adults",685.0,C
229,"Friends, Lovers, and the Big",Matthew Perry,https://diwanegypt.com/product/friends-lovers-and-the-big/," E Biography & Memoirs, E Memoirs & Autobiographies, English Adults",745.0,C
230,Don’T F*Cking Panic,Kelsey Darragh,https://diwanegypt.com/product/dont-fcking-panic/," E Personal Growth, E Self-Help, English Adults",1020.0,C
231,The Art of War,Sun Tzu,https://diwanegypt.com/product/the-art-of-war/," E Ancient Philosophy, E Philosophy, English Adults",580.0,C
232,Why We Sleep,Matthew Walker,https://diwanegypt.com/product/why-we-sleep/," E General Health, E Health, English Adults",750.0,C
233,The Remains of the Day,Kazuo Ishiguro,https://diwanegypt.com/product/remains-of-the-day/," E Literary Fiction, E Literature & Fiction, English Adults",560.0,C
234,Surrounded by Psychopaths,Thomas Erikson,https://diwanegypt.com/product/surrounded-by-psychopaths/," E Popular Psychology, E Psychology, English Adults",745.0,C
235,Five Little Pigs,Agatha Christie,https://diwanegypt.com/product/five-little-pigs/," E Literature & Fiction, E Mystery & Thrillers, English Adults",560.0,C
236,I Know Why the Caged Bird Sing,Maya Angelou,https://diwanegypt.com/product/i-know-why-the-caged-bird-sing/," E Biography & Memoirs, E Memoirs & Autobiographies, English Adults",540.0,C
237,How Emotions Are Made,Lisa Feldman Barrett,https://diwanegypt.com/product/how-emotions-are-made/," E General Psychology, E Psychology, English Adults",750.0,C
238,Five Love Languages of Children,Ross Gary & Campbell Chapman,https://diwanegypt.com/product/five-love-languages-of-children/," E Parenting, E Pregnancy & Parenting, English Adults",965.0,C
239,Equilibrium: Find Your Balance,Alyaa Sadek,https://diwanegypt.com/product/equilibrium-find-your-balance/," E Personal Growth, E Self-Help, English Adults",599.0,C
240,Sherlock Holmes Complete Novel,Arthur Conan Doyle,https://diwanegypt.com/product/sherlock-holmes-complete-novels-and-stories-vol-1/," E Classics, E Literature & Fiction, English Adults",480.0,C
241,The Powerless Trilogy 2: Reckless,Lauren Roberts,https://diwanegypt.com/product/the-powerless-trilogy-2-reckless/," E Literature & Fiction, E Romance, English Adults",685.0,C
242,Bride,Ali Hazelwood,https://diwanegypt.com/product/bride/," E Fantasy, E Literature & Fiction, English Adults",720.0,C
243,Tales of Maadi: Memories and visions of a Cairo Suburb,Kathrin Sombold,https://diwanegypt.com/product/tales-of-maadi-memories-and-visions-of-a-cairo-suburb/," E Biography & Memoirs, E Memoirs & Autobiographies, English Adults",800.0,C
244,Windy City 2: The Right Move,Liz Tomforde,https://diwanegypt.com/product/windy-city-2-the-right-move/," E Literature & Fiction, E Romance, English Adults",685.0,C
245,Yours Truly,Abby Jimenez,https://diwanegypt.com/product/yours-truly/," E Literature & Fiction, E Romance, English Adults",685.0,C
246,Flawless,Elsie Silver,https://diwanegypt.com/product/flawless/," E Literature & Fiction, E Romance, English Adults",685.0,C
247,Daisy Jones and the Six,Taylor Jenkins Reid,https://diwanegypt.com/product/daisy-jones-and-the-six/," E General Fiction, E Literature & Fiction, English Adults",690.0,C
248,Fire & Blood,George R.R. Martin,https://diwanegypt.com/product/fire-blood/," E Fantasy, E Literature & Fiction, English Adults",580.0,C
249,Attached,Amir Levine & Rachel Heller,https://diwanegypt.com/product/attached-2/," E Relationships, E Self-Help, English Adults",750.0,C
250,Malibu Rising,Taylor Jenkins Reid,https://diwanegypt.com/product/malibu-rising-3/," E General Fiction, E Literature & Fiction, English Adults",720.0,C
251,What Happened to You?,Oprah Winfrey,https://diwanegypt.com/product/what-happened-to-you-2/," E Anxiety & Trauma, E Psychology, English Adults",880.0,C
252,No Drama Discipline,Tina Payne Bryson & Daniel J.,https://diwanegypt.com/product/no-drama-discipline/," E Parenting, E Pregnancy & Parenting, English Adults",1020.0,C
253,Burn After Writing (Yellow),Sharon Jones,https://diwanegypt.com/product/burn-after-writing-yellow/," E Journals, E Self-Help, English Adults",800.0,C
254,The Thursday Murder Club,Richard Osman,https://diwanegypt.com/product/thursday-murder-club-2/," E Literature & Fiction, E Mystery & Thrillers, English Adults",685.0,C
255,Franz Kafka Complete Stories,Franz Kafka,https://diwanegypt.com/product/franz-kafka-complete-stories/," E Classics, E Literature & Fiction, English Adults",1130.0,C
256,How to Carry What Can’t Be Fixed,Megan Devine,https://diwanegypt.com/product/how-to-carry-what-cant-be-fix/," E Journals, E Self-Help, English Adults",965.0,C
257,Transcending the Levels of Consciousness the stairway to Enlightenment,David R. Hawkins MD PhD,https://diwanegypt.com/product/transcending-the-levels-of-con/," E Spirituality, E Spirituality, New Age & Yoga, English Adults",1010.0,C
258,Map of Consciousness Explained,David R. Hawkins,https://diwanegypt.com/product/map-of-consciousness-explained/," E Spirituality, E Spirituality, New Age & Yoga, English Adults",1010.0,C
259,Winning,Jack Welch,https://diwanegypt.com/product/winning/," E Business, E Management & Leadership, English Adults",540.0,C
260,Five Minutes in the Morning,,https://diwanegypt.com/product/five-minutes-in-the-morning/," E Journals, E Self-Help, English Adults",850.0,C
261,Seven Dials Mystery,Agatha Christie,https://diwanegypt.com/product/seven-dials-mystery/," E Literature & Fiction, E Mystery & Thrillers, English Adults",560.0,C
262,Iliad and the Odyssey,Homer,https://diwanegypt.com/product/iliad-and-the-odyssey/," E Literature & Fiction, E Poetry, English Adults",350.0,C
263,As a Man Thinketh,James Allen,https://diwanegypt.com/product/as-a-man-thinketh/," E Modern Philosophy, E Philosophy, English Adults",745.0,C
264,If Beale Street Could Talk,James Baldwin,https://diwanegypt.com/product/if-beale-street-could-talk/," E Contemporary Classics, E Literature & Fiction, English Adults",630.0,C
265,Outsider,Albert Camus,https://diwanegypt.com/product/outsider-2/," E Classics, E Literature & Fiction, English Adults",630.0,C
266,Palace Walk,Naguib Mahfouz,https://diwanegypt.com/product/palace-walk/," E Arabic Literature in Translation, E Literature & Fiction, English Adults",450.0,C
267,Homo Deus,Yuval Noah Harari,https://diwanegypt.com/product/homo-deus-a-brief-history-of-tomorrow/," E Popular Science, E Science & Technology, English Adults",880.0,C
268,Seven Principles for Making Marriage Work,John Gottman Ph.D. & Nan Silve,https://diwanegypt.com/product/seven-principles-for-making-marriage-work-a-practical-guide-from-the-countrys-foremost-relationship-expert/," E Relationships, E Self-Help, English Adults",1020.0,C
269,The Bastard of Istanbul,Elif Shafak,https://diwanegypt.com/product/bastard-of-istanbul/," E General Fiction, E Literature & Fiction, English Adults",685.0,C
270,Birth of Tragedy,Friedrich Wilhelm Nietzsche,https://diwanegypt.com/product/birth-of-tragedy-out-of-the-spirit-of-music/," E Modern Philosophy, E Philosophy, English Adults",690.0,C
271,Eleanor Oliphant is Completely Fine,Gail Honeyman,https://diwanegypt.com/product/eleanor-oliphant-is-completely-fine-debut-bestseller-and-costa-first-novel-book-award-winner-2017/," E Literary Fiction, E Literature & Fiction, English Adults",685.0,C
272,Better Than The Movies,Lynn Painter,https://diwanegypt.com/product/better-than-the-movies-2/," E Literature & Fiction, E Romance, English Adults",630.0,C
273,As Long As The Lemon Trees Grow,Zoulfa Katouh,https://diwanegypt.com/product/as-long-as-the-lemon-trees-grow/," E General Fiction, E Literature & Fiction, English Adults",630.0,C
274,Dopamine Nation,Anna Lembke,https://diwanegypt.com/product/dopamine-nation-finding-balance-in-the-age-of-indulgence/," E General Psychology, E Psychology, English Adults",745.0,C
275,Practice Makes Perfect,Sarah Adams,https://diwanegypt.com/product/practice-makes-perfect/," E Literature & Fiction, E Romance, English Adults",720.0,C
276,Dune,Frank Herbert,https://diwanegypt.com/product/dune/," E Fantasy, E Literature & Fiction, English Adults",685.0,C
277,Things we hide from the light,Lucy Score,https://diwanegypt.com/product/things-we-hide-from-the-light/," E Literature & Fiction, E Romance, English Adults",685.0,C
278,No Bad Parts,Alani,https://diwanegypt.com/product/no-bad-parts/," E Anxiety & Trauma, E Psychology, English Adults",1130.0,C
279,Zero To One,Peter Thiel and Blake Masters,https://diwanegypt.com/product/zero-to-one-2/," E Business, E Entrepreneurship, English Adults",685.0,C
280,American Psycho,Bret Easton Ellis,https://diwanegypt.com/product/american-psycho/," E General Fiction, E Literature & Fiction, English Adults",580.0,C
281,Smith-Waite Centennial Tarot D,Arthur Edward Waite,https://diwanegypt.com/product/smith-waite-centennial-tarot-d/," E New Age, E Spirituality, New Age & Yoga, English Adults",1130.0,C
282,Healing is the New High,Vex King,https://diwanegypt.com/product/healing-is-the-new-high/," E Spirituality, E Spirituality, New Age & Yoga, English Adults",1010.0,C
283,Iliad,Homer,https://diwanegypt.com/product/iliad/," E Literature & Fiction, E Poetry, English Adults",280.0,C
284,The Philosophy of Aristotle,Aristotle,https://diwanegypt.com/product/philosophy-of-aristotle/," E Ancient Philosophy, E Philosophy, English Adults",540.0,C
285,The Starless Sea,Erin Morgenstern,https://diwanegypt.com/product/starless-sea-2/," E Fantasy, E Literature & Fiction, English Adults",685.0,C
286,Dutch House,Ann Patchett,https://diwanegypt.com/product/dutch-house/," E Literary Fiction, E Literature & Fiction, English Adults",490.0,C
287,You Are the Placebo,Joe Dispenza,https://diwanegypt.com/product/you-are-the-placebo/," E Mind, Body & Spirit, E Self-Help, English Adults",1140.0,C
288,November 9,Colleen Hoover,https://diwanegypt.com/product/november-9/," E Literature & Fiction, E Romance, English Adults",685.0,C
289,Keepers of the Light Oracle Ca,Kyle Gray,https://diwanegypt.com/product/keepers-of-the-light-oracle-ca/," E New Age, E Spirituality, New Age & Yoga, English Adults",1205.0,C
290,Kim Jiyoung Born 1982,Cho Nam-Joo,https://diwanegypt.com/product/kim-jiyoung-born-1982-2/," E General Fiction, E Literature & Fiction, English Adults",630.0,C
291,Violet Bent Backwards Over the,Lana Del Rey,https://diwanegypt.com/product/violet-bent-backwards-over-the/," E Literature & Fiction, E Poetry, English Adults",1140.0,C
292,Islamic Art in Cairo,Emil D'avennes,https://diwanegypt.com/product/islamic-art-in-cairo/," E Art, Fashion & Photography, E General Art, English Adults",550.0,C
293,Adrift on the Nile,Naguib Mahfouz,https://diwanegypt.com/product/adrift-on-the-nile/," E Arabic Literature in Translation, E Literature & Fiction, English Adults",300.0,C
294,Lord of the Flies,William Golding,https://diwanegypt.com/product/lord-of-the-flies/," E Contemporary Classics, E Literature & Fiction, English Adults",560.0,C
295,Stillness is the Key,Ryan Holiday,https://diwanegypt.com/product/stillness-is-the-key-an-ancient-strategy-for-modern-life/," E Personal Growth, E Self-Help, English Adults",800.0,C
296,Wabi Sabi,Beth Kempton,https://diwanegypt.com/product/wabi-sabi-japanese-wisdom-for-a-perfectly-imperfect-life/," E Eastern Philosophy, E Philosophy, English Adults",1140.0,C
297,There Are Rivers in the Sky,Elif Shafak,https://diwanegypt.com/product/there-are-rivers-in-the-sky/," E General Fiction, E Literature & Fiction, English Adults",1075.0,C
298,Lakefront Billionaires 2: Love Unwritten,Lauren Asher,https://diwanegypt.com/product/lakefront-billionaires-2-love-unwritten/," E Literature & Fiction, E Romance, English Adults",685.0,C
299,Kings of Sin 4: King of Sloth,Ana Huang,https://diwanegypt.com/product/kings-of-sin-4-king-of-sloth/," E Fantasy, E Literature & Fiction, English Adults",685.0,C
300,Blue Sisters,Coco Mellors,https://diwanegypt.com/product/blue-sisters/," E General Fiction, E Literature & Fiction, English Adults",1010.0,C
301,Knockemout 3: Things We Left Behind,,https://diwanegypt.com/product/knockemout-3-things-we-left-behind/," E Literature & Fiction, E Romance, English Adults",685.0,C
302,"Love, Theoretically",Ali Hazelwood,https://diwanegypt.com/product/love-theoretically/," E Literature & Fiction, E Romance, English Adults",690.0,C
303,Before We Were Strangers,Renee Carlino,https://diwanegypt.com/product/before-we-were-strangers-2/," E Literature & Fiction, E Romance, English Adults",630.0,C
304,Ice Breaker,Hannah Grace,https://diwanegypt.com/product/ice-breaker/," E Literature & Fiction, E Romance, English Adults",630.0,C
305,Living Untethered,Michael A. Singer,https://diwanegypt.com/product/living-untethered/," E Spirituality, E Spirituality, New Age & Yoga, English Adults",1010.0,C
306,The Last Thing He Told Me,Laura Dave,https://diwanegypt.com/product/the-last-thing-he-told-me/," E Literature & Fiction, E Mystery & Thrillers, English Adults",685.0,C
307,Circe,Madeline Miller,https://diwanegypt.com/product/circe/," E Fantasy, E Literature & Fiction, English Adults",490.0,C
308,Positive Discipline for Teenag,Jane Nelsen & Lynn Lott,https://diwanegypt.com/product/positive-discipline-for-teenag/," E Parenting, E Pregnancy & Parenting, English Adults",965.0,C
309,Vintage Alexandria,Michael Haag,https://diwanegypt.com/product/vintage-alexandria/," E Egypt Essentials, E Egypt Essentials, English Adults",600.0,C
310,The High 5 Habit: Take control of your life with one simple habit,Mel Robbins,https://diwanegypt.com/product/high-5-habit-take-control-of-your-life/," E Personal Growth, E Self-Help, English Adults",1300.0,C
311,Burn After Writing (Pink),Sharon Jones,https://diwanegypt.com/product/burn-after-writing-pink/," E Journals, E Self-Help, English Adults",800.0,C
312,The 22 Immutable Laws of Marketing,Al Ries & Jack Trout,https://diwanegypt.com/product/22-immutable-laws-of-marketing/," E Business, E Marketing, Advertising & Sal, English Adults",685.0,C
313,Mastery,Robert Greene,https://diwanegypt.com/product/mastery/," E Modern Philosophy, E Philosophy, English Adults",1500.0,C
314,One Last Stop,Casey McQuiston,https://diwanegypt.com/product/one-last-stop/," E Literature & Fiction, E Romance, English Adults",715.0,C
315,Blindness,Jose Saramago,https://diwanegypt.com/product/blindness/," E Contemporary Classics, E Literature & Fiction, English Adults",685.0,C
316,Other Side of the Couch,Gary Small & Gigi Vorgan,https://diwanegypt.com/product/other-side-of-the-couch/," E Popular Psychology, E Psychology, English Adults",1020.0,C
317,Authentic Egyptian Cooking,Nehal Leheta,https://diwanegypt.com/product/authentic-egyptian-cooking-from-the-table-of-abou-el-sid/," E Cookery, E Egyptian Cooking, English Adults",500.0,C
318,Woman in the Window,A. J Finn,https://diwanegypt.com/product/woman-in-the-window/," E Literature & Fiction, E Mystery & Thrillers, English Adults",485.0,C
319,History of Egypt,Thompson Jason,https://diwanegypt.com/product/history-of-egypt-from-earliest-times-to-the-present/," E Egypt Essentials, E Egypt Essentials, English Adults",500.0,C
320,21 Lessons for the 21st Centur,Yuval Noah Harari,https://diwanegypt.com/product/21-lessons-for-the-21st-century/," E Biology & Life Science, E Science & Technology, English Adults",880.0,C
321,Rich Dad’s Guide to Investing,Robert T. Kiyosaki,https://diwanegypt.com/product/rich-dads-guide-to-investing/," E Business, E Finance & Investment, English Adults",480.0,C
322,And the Mountains Echoed,Khaled Hosseini,https://diwanegypt.com/product/and-the-mountains-echoed/," E General Fiction, E Literature & Fiction, English Adults",685.0,C
323,Enneagram In Love And Work,Helen Palmer,https://diwanegypt.com/product/enneagram-in-love-and-work/," E Enneagram, E Psychology, English Adults",1020.0,C
324,The Empyrean 1: Fourth Wing,Rebecca Yarros,https://diwanegypt.com/product/the-empyrean-1-fourth-wing-3/," E Fantasy, E Literature & Fiction, English Adults",750.0,D
325,Assistant To The Villain 1: Assistant To The Villain,Hannah Nicole Maehrer,https://diwanegypt.com/product/assistant-to-the-villain-1-assistant-to-the-villain/," E Literature & Fiction, E Romance, English Adults",685.0,D
326,The Housemaid 2: The Housemaid’s Secret,Freida McFadden,https://diwanegypt.com/product/the-housemaid-2-the-housemaids-secret/," E Literature & Fiction, E Mystery & Thrillers, English Adults",685.0,D
327,Scattered Minds: The Origins and Healing of Attention Defici,,https://diwanegypt.com/product/scattered-minds-the-origins-and-healing-of-attention-defici/," E Psychology, E Therapy, English Adults",880.0,D
328,Radiant Rider-Waite Tarot Deck,Arthur Edward Waite,https://diwanegypt.com/product/radiant-rider-waite-tarot-deck/," E New Age, E Spirituality, New Age & Yoga, English Adults",1460.0,D
329,Sorrow & Bliss,Meg Mason,https://diwanegypt.com/product/sorrow-bliss/," E General Fiction, E Literature & Fiction, English Adults",685.0,D
330,The Way I used to be,Amber Smith,https://diwanegypt.com/product/the-way-i-used-to-be/," E General Fiction, E Literature & Fiction, English Adults",630.0,D
331,You Deserve Each Other,Sarah Hogle,https://diwanegypt.com/product/you-deserve-each-other-2/," E Literature & Fiction, E Romance, English Adults",685.0,D
332,The Spanish Love Deception,Elena Armas,https://diwanegypt.com/product/the-spanish-love-deception/," E Literature & Fiction, E Romance, English Adults",685.0,D
333,Klara and the Sun,Kazuo Ishiguro,https://diwanegypt.com/product/klara-and-the-sun-2/," E Literary Fiction, E Literature & Fiction, English Adults",685.0,D
334,Manifest,Roxie Nafousi,https://diwanegypt.com/product/manifest/," E Personal Growth, E Self-Help, English Adults",1270.0,D
335,Second Sex,Simone De Beauvoir,https://diwanegypt.com/product/second-sex/," E Gender & Women Studies, E Society & Culture, English Adults",1010.0,D
336,You’ve Reached Sam,Dustin Thao,https://diwanegypt.com/product/youve-reached-sam/," E Literature & Fiction, E Romance, English Adults",520.0,D
337,On Writing,Stephen King,https://diwanegypt.com/product/on-writing/," E Literary Criticism, E Literary Criticism & Essays, English Adults",750.0,D
338,Return to Love,Marianne Williamson,https://diwanegypt.com/product/return-to-love/," E Spirituality, E Spirituality, New Age & Yoga, English Adults",1020.0,D
339,Les Miserables: Volume Two,Victor Hugo,https://diwanegypt.com/product/les-miserables-v-2/," E Classics, E Literature & Fiction, English Adults",280.0,D
340,Catch 22,Joseph Heller,https://diwanegypt.com/product/catch-22/," E Contemporary Classics, E Literature & Fiction, English Adults",630.0,D
341,Blood of Elves,Andrzej Sapkowski,https://diwanegypt.com/product/blood-of-elves/," E Fantasy, E Literature & Fiction, English Adults",685.0,D
342,You Are a Badass,Jen Sincero,https://diwanegypt.com/product/you-are-a-badass/," E Personal Growth, E Self-Help, English Adults",750.0,D
343,Sense and Sensibility,Jane Austen,https://diwanegypt.com/product/sense-and-sensibility/," E Classics, E Literature & Fiction, English Adults",240.0,D
344,Make Your Bed,Admiral William H. McRaven,https://diwanegypt.com/product/make-your-bed/," E Personal Growth, E Self-Help, English Adults",750.0,D
345,Hopeless 1,Colleen Hoover,https://diwanegypt.com/product/hopeless-1/," E Literature & Fiction, E Romance, English Adults",685.0,D
346,Eleven Minutes,Paulo Coelho,https://diwanegypt.com/product/eleven-minutes/," E General Fiction, E Literature & Fiction, English Adults",540.0,D
347,My First and Only Love,Sahar Khalifeh,https://diwanegypt.com/product/my-first-and-only-love/," E Arabic Literature in Translation, E Literature & Fiction, English Adults",350.0,D
348,Archer,Paulo Coelho,https://diwanegypt.com/product/archer-2/," E General Fiction, E Literature & Fiction, English Adults",825.0,D
349,Kallimni ‘Arabi fi Kull Haaga,Samia Louis,https://diwanegypt.com/product/kallimni-arabi-fi-kull-haaga/," E Foreign Language Study, E Study Guides, English Adults",900.0,D
350,Story of a New Name,Elena Ferrante,https://diwanegypt.com/product/story-of-a-new-name/," E Literary Fiction, E Literature & Fiction, English Adults",685.0,D
351,High Above Egypt,Marcello Bertinetti,https://diwanegypt.com/product/high-above-egypt/," E Egypt Essentials, E Egypt Essentials, English Adults",500.0,D
352,Getting the Love You Want,Harville Hendrix,https://diwanegypt.com/product/getting-the-love-you-want/," E Relationships, E Self-Help, English Adults",685.0,D
353,Positive Discipline Tools For,Ed.D. Jane Nelsen And Kelly Gf,https://diwanegypt.com/product/positive-discipline-tools-for-teachers-positive-discipline-library/," E Parenting, E Pregnancy & Parenting, English Adults",1020.0,D
354,The Architect’s Apprentice,Elif Shafak,https://diwanegypt.com/product/architects-apprentice/," E General Fiction, E Literature & Fiction, English Adults",685.0,D
355,The Flea Palace,Elif Shafak,https://diwanegypt.com/product/flea-palace/," E General Fiction, E Literature & Fiction, English Adults",685.0,D
356,Everything I Never Told You,Celeste Ng,https://diwanegypt.com/product/everything-i-never-told-you/," E General Fiction, E Literature & Fiction, English Adults",690.0,D
357,Fifty Shades of Grey,E. L. James,https://diwanegypt.com/product/fifty-shades-of-grey/," E Literature & Fiction, E Romance, English Adults",685.0,D
358,How to Fall in Love,Cecelia Ahern,https://diwanegypt.com/product/how-to-fall-in-love/," E Literature & Fiction, E Romance, English Adults",540.0,D
359,Manual of the Warrior of Light,Paulo Coelho,https://diwanegypt.com/product/manual-of-the-warrior-of-light/," E General Fiction, E Literature & Fiction, English Adults",490.0,D
360,The Nightingale,Kristin Hannah,https://diwanegypt.com/product/the-nightingale/," E Historical Fiction, E Literature & Fiction, English Adults",685.0,D
361,Blood and Tea 1: A Tempest of Tea,Hafsah Faizal,https://diwanegypt.com/product/blood-and-tea-1-a-tempest-of-tea/," E Fantasy, E Literature & Fiction, English Adults",630.0,D
362,Discipline is Destiny: The Power of Self-Control,,https://diwanegypt.com/product/discipline-is-destiny-the-power-of-self-control/," E Personal Growth, E Self-Help, English Adults",750.0,D
363,A Surgeon and A Maverick: The Life and Pioneering Work of Magdi Yacoub,Fiona Gorman,https://diwanegypt.com/product/a-surgeon-and-a-maverick/," E Biography & Memoirs, E Biography & True Stories, English Adults",950.0,D
364,Children Of Dune,Frank Herbert,https://diwanegypt.com/product/children-of-dune/," E Fantasy, E Literature & Fiction, English Adults",685.0,D
365,The Inner Game of Tennis,"W. Timothy Gallwey, Pete Carro",https://diwanegypt.com/product/the-inner-game-of-tennis/," E Personal Growth, E Self-Help, English Adults",1020.0,D
366,Lessons in Chemistry,Bonnie Garmus,https://diwanegypt.com/product/lessons-in-chemistry-3/," E General Fiction, E Literature & Fiction, English Adults",685.0,D
367,Glucose Revolution,Jessie Inchauspe,https://diwanegypt.com/product/glucose-revolution/," E Diets & Nutrition, E Health, English Adults",1270.0,D
368,8 Rules of Love,Jay Shetty,https://diwanegypt.com/product/8-rules-of-love/," E Relationships, E Self-Help, English Adults",1010.0,D
369,(No Fear Shakespeare) Romeo and Juliet,William Shakespeare,https://diwanegypt.com/product/romeo-and-juliet-2/," E Drama, E Literature & Fiction, English Adults",880.0,D
370,Dust,Xenia Nikolskaya,https://diwanegypt.com/product/dust/," E Architecture, E Art, Fashion & Photography, English Adults",1300.0,D
371,Cairo Circles,Doma Mahmoud,https://diwanegypt.com/product/cairo-circles-2/," E General Fiction, E Literature & Fiction, English Adults",1020.0,D
372,Crying in H Mart,Michelle Zauner,https://diwanegypt.com/product/crying-in-h-mart-2/," E Biography & Memoirs, E Memoirs & Autobiographies, English Adults",720.0,D
373,Archer’S Voice,Mia Sheridan,https://diwanegypt.com/product/archers-voice/," E Literature & Fiction, E Romance, English Adults",945.0,D
374,Shoe Dog,Phil Knight,https://diwanegypt.com/product/shoe-dog/," E Business, E General Business, English Adults",685.0,D
375,One True Loves,Taylor Jenkins Reid,https://diwanegypt.com/product/one-true-loves/," E General Fiction, E Literature & Fiction, English Adults",630.0,D
376,Welcome Home,Najwa Zebian,https://diwanegypt.com/product/welcome-home/," E Personal Growth, E Self-Help, English Adults",1020.0,D
377,Misery,Stephen King,https://diwanegypt.com/product/misery/," E Literature & Fiction, E Mystery & Thrillers, English Adults",635.0,D
378,Fountain of the Drowning,Reem Bassiouney,https://diwanegypt.com/product/fountain-of-the-drowning/," E Arabic Literature in Translation, E Literature & Fiction, English Adults",290.0,D
379,Love for Imperfect Things,Haemin Sunim,https://diwanegypt.com/product/love-for-imperfect-things/," E Personal Growth, E Self-Help, English Adults",750.0,D
380,Egyptian Cooking,Samia Abdennour,https://diwanegypt.com/product/egyptian-cooking/," E Cookery, E Egyptian Cooking, English Adults",550.0,D
381,Lord of the Flies,William Golding,https://diwanegypt.com/product/lord-of-the-flies-2/," E Contemporary Classics, E Literature & Fiction, English Adults",690.0,D
382,Anatomy of the Spirit,Caroline Myss,https://diwanegypt.com/product/anatomy-of-the-spirit/," E Spirituality, E Spirituality, New Age & Yoga, English Adults",1020.0,D
383,Honour,Elif Shafak,https://diwanegypt.com/product/honour/," E General Fiction, E Literature & Fiction, English Adults",630.0,D
384,Wretched of the Earth,Frantz Fanon & Constance Farri,https://diwanegypt.com/product/wretched-of-the-earth/," E History & Politics, E World History, English Adults",685.0,D
385,The Selected Poems of Emily Dickinson,Emily Dickinson,https://diwanegypt.com/product/selected-poems-of-emily-dickin/," E Literature & Fiction, E Poetry, English Adults",350.0,D
386,Redeeming Love,Francine Rivers,https://diwanegypt.com/product/redeeming-love/," E Literature & Fiction, E Romance, English Adults",910.0,D
387,Exciting Times,Naoise Dolan,https://diwanegypt.com/product/exciting-times/," E General Fiction, E Literature & Fiction, English Adults",630.0,D
388,Shuggie Bain,Douglas Stuart,https://diwanegypt.com/product/shuggie-bain/," E Literary Fiction, E Literature & Fiction, English Adults",685.0,D
389,Home Body,Rupi Kaur,https://diwanegypt.com/product/home-body/," E Literature & Fiction, E Poetry, English Adults",880.0,D
390,Dr. Jekyll and Mr. Hyde,Robert Louis Stevenson,https://diwanegypt.com/product/dr-jekyll-and-mr-hyde/," E Classics, E Literature & Fiction, English Adults",280.0,D
391,Testaments,Margaret Atwood,https://diwanegypt.com/product/testaments-2/," E Literary Fiction, E Literature & Fiction, English Adults",690.0,D
392,Ancient Egyptian Jewelry,Nigel Fletcher-Jones,https://diwanegypt.com/product/ancient-egyptian-jewelry-50-masterpieces-of-art-and-design/," E Egypt Essentials, E Egypt Essentials, English Adults",700.0,D
393,Egypt Visual Explorer Guide,Trevor Naylor,https://diwanegypt.com/product/egypt-visual-explorer-guide/," E Egypt Essentials, E Egypt Essentials, English Adults",500.0,D
394,Then She Was Gone,Lisa Jewell,https://diwanegypt.com/product/then-she-was-gone/," E Literature & Fiction, E Mystery & Thrillers, English Adults",685.0,D
395,Color Purple,Alice Walker,https://diwanegypt.com/product/color-purple/," E Literary Fiction, E Literature & Fiction, English Adults",685.0,D
396,Rising Strong,Brene Brown,https://diwanegypt.com/product/rising-strong-how-the-ability-to-reset-transforms-the-way-we-live-love-parent-and-lead/," E Personal Growth, E Self-Help, English Adults",1020.0,D
397,"Dance, Dance, Dance",Haruki Murakami,https://diwanegypt.com/product/dance-dance-dance/," E Literary Fiction, E Literature & Fiction, English Adults",685.0,D
398,Everything Is F*cked,Mark Manson,https://diwanegypt.com/product/everything-is-fcked/," E Personal Growth, E Self-Help, English Adults",1075.0,D
399,Boys of Tommen 4: Redeeming 6,Chloe Walsh,https://diwanegypt.com/product/boys-of-tommen-4-redeeming-6/," E Literature & Fiction, E Romance, English Adults",750.0,D
400,Boys of Tommen 2: Keeping 13,Chloe Walsh,https://diwanegypt.com/product/boys-of-tommen-2-keeping-13/," E Literature & Fiction, E Romance, English Adults",750.0,D
401,Boys of Tommen 1: Binding 13,Chloe Walsh,https://diwanegypt.com/product/boys-of-tommen-1-binding-13/," E Literature & Fiction, E Romance, English Adults",750.0,D
402,Mindset to Startup: The mindset and tools you need to create a value centric business,Hani W.Naguib,https://diwanegypt.com/product/mindset-to-startup-the-mindset-and-tools-you-need-to-create/," E Business, E Entrepreneurship, English Adults",1300.0,D
403,Pachinko,Min Jin Lee,https://diwanegypt.com/product/pachinko/," E Literary Fiction, E Literature & Fiction, English Adults",630.0,D
404,The Reappearance of Rachel Price,Holly Jackson,https://diwanegypt.com/product/the-reappearance-of-rachel-price/," E Literature & Fiction, E Mystery & Thrillers, English Adults",665.0,D
405,The Only One Left,Riley Sager,https://diwanegypt.com/product/the-only-one-left-2/," E Literature & Fiction, E Mystery & Thrillers, English Adults",685.0,D
406,Say You Swear,Meagan Brandy,https://diwanegypt.com/product/say-you-swear/," E Literature & Fiction, E Romance, English Adults",685.0,D
407,Happy Place,Emily Henry,https://diwanegypt.com/product/happy-place-2/," E Literature & Fiction, E Romance, English Adults",945.0,D
408,The Invisible Life of Addie La,V.E. Schwab,https://diwanegypt.com/product/the-invisible-life-of-addie-la/," E Fantasy, E Literature & Fiction, English Adults",685.0,D
409,Behave,Robert M. Sapolsky,https://diwanegypt.com/product/behave-2/," E General Psychology, E Psychology, English Adults",1260.0,D
410,Home Before Dark,Riley Sager,https://diwanegypt.com/product/home-before-dark/," E Literature & Fiction, E Mystery & Thrillers, English Adults",685.0,D
411,Gift of Therapy,Irvin Yalom,https://diwanegypt.com/product/gift-of-therapy/," E Psychology, E Therapy, English Adults",1075.0,D
412,Gifts of Imperfection,Brene Brown,https://diwanegypt.com/product/gifts-of-imperfection/," E Personal Growth, E Self-Help, English Adults",965.0,D
413,Surrounded by Narcissists,Thomas Erikson,https://diwanegypt.com/product/surrounded-by-narcissists/," E Psychology, E Social Psychology, English Adults",880.0,D
414,Working Backward,Colin Bryar & Bill Carr,https://diwanegypt.com/product/working-backward/," E Business, E General Business, English Adults",750.0,D
415,Essentialism,Greg McKeown,https://diwanegypt.com/product/essentialism-2/," E Business, E Management & Leadership, English Adults",910.0,D
416,All Your Perfects,Colleen Hoover,https://diwanegypt.com/product/all-your-perfects/," E Literature & Fiction, E Romance, English Adults",630.0,D
417,The Daevabad Trilogy #3,S. A. Chakraborty,https://diwanegypt.com/product/the-daevabad-trilogy-3/," E Fantasy, E Literature & Fiction, English Adults",685.0,D
418,House of Sky and Breath,Sarah J. Maas,https://diwanegypt.com/product/crescent-city-2/," E Fantasy, E Literature & Fiction, English Adults",1010.0,D
419,Crying in H Mart,Michelle Zauner,https://diwanegypt.com/product/crying-in-h-mart/," E Biography & Memoirs, E Memoirs & Autobiographies, English Adults",685.0,D
420,Tales from the Café,Toshikazu Kawaguchi,https://diwanegypt.com/product/tales-from-the-cafe/," E General Fiction, E Literature & Fiction, English Adults",750.0,D
421,The Man Who Mistook His Wife f,Oliver Sacks,https://diwanegypt.com/product/the-man-who-mistook-his-wife-f/," E Popular Psychology, E Psychology, English Adults",750.0,D
422,Norse Mythology,Neil Gaiman,https://diwanegypt.com/product/norse-mythology-2/," E Fantasy, E Literature & Fiction, English Adults",685.0,D
423,Perfume,Patrick Suskind,https://diwanegypt.com/product/perfume-2/," E General Fiction, E Literature & Fiction, English Adults",685.0,D
424,What We Talk About When We Talk About Love,Raymond Carver,https://diwanegypt.com/product/what-we-talk-about-when-we-tal/," E General Fiction, E Literature & Fiction, English Adults",685.0,D
425,Doors of Perception,Aldous Huxley,https://diwanegypt.com/product/doors-of-perception/," E General Psychology, E Psychology, English Adults",685.0,D
426,"Eat, Pray, Love",Elizabeth Gilbert,https://diwanegypt.com/product/eat-pray-love/," E Biography & Memoirs, E Memoirs & Autobiographies, English Adults",420.0,D
427,Alexandria Quartet,Lawrence Durrell,https://diwanegypt.com/product/alexandria-quartet/," E Contemporary Classics, E Literature & Fiction, English Adults",1140.0,D
428,The Secret Garden,Frances Hodgson Burnett,https://diwanegypt.com/product/secret-garden-4/," E Classics, E Literature & Fiction, English Adults",210.0,D
429,Lady Susan and Other Works,Jane Austen,https://diwanegypt.com/product/lady-susan-and-other-works/," E Classics, E Literature & Fiction, English Adults",280.0,D
430,Mystery of the Blue Train,Agatha Christie,https://diwanegypt.com/product/mystery-of-the-blue-train/," E Literature & Fiction, E Mystery & Thrillers, English Adults",560.0,D
431,Six Pillars of Self-Esteem,Nathaniel Branden,https://diwanegypt.com/product/six-pillars-of-self-esteem/," E Popular Psychology, E Psychology, English Adults",1130.0,D
432,Egypt The World of the Pharaoh,Regine Schulz & Matthias Seide,https://diwanegypt.com/product/egypt-the-world-of-the-pharaoh/," E Egypt Essentials, E Egypt Essentials, English Adults",1250.0,D
