,team_1,team_2,score,date,time,staduim,Year
0,France,Mexico,4–1,13-07-1930,15:00,"Estadio Pocitos, Montevideo",1930
1,Argentina,France,1–0,15-07-1930,16:00,"Estadio Parque Central, Montevideo",1930
2,Chile,Mexico,3–0,16-07-1930,14:45,"Estadio Parque Central, Montevideo",1930
3,Chile,France,1–0,19-07-1930,12:50,"Estadio Centenario, Montevideo",1930
4,Argentina,Mexico,6–3,19-07-1930,15:00,"Estadio Centenario, Montevideo",1930
5,Argentina,Chile,3–1,22-07-1930,14:45,"Estadio Centenario, Montevideo",1930
6,Yugoslavia,Brazil,2–1,14-07-1930,12:45,"Estadio Parque Central, Montevideo",1930
7,Yugoslavia,Bolivia,4–0,17-07-1930,12:45,"Estadio Parque Central, Montevideo",1930
8,Brazil,Bolivia,4–0,20-07-1930,13:00,"Estadio Centenario, Montevideo",1930
9,Romania,Peru,3–1,14-07-1930,14:50,"Estadio Pocitos, Montevideo",1930
10,Uruguay,Peru,1–0,18-07-1930,14:30,"Estadio Centenario, Montevideo",1930
11,Uruguay,Romania,4–0,21-07-1930,14:50,"Estadio Centenario, Montevideo",1930
12,United States,Belgium,3–0,13-07-1930,15:00,"Estadio Parque Central, Montevideo",1930
13,United States,Paraguay,3–0,17-07-1930,14:45,"Estadio Parque Central, Montevideo",1930
14,Paraguay,Belgium,1–0,20-07-1930,15:00,"Estadio Centenario, Montevideo",1930
15,Argentina,United States,6–1,26-07-1930,14:45,"Estadio Centenario, Montevideo",1930
16,Uruguay,Yugoslavia,6–1,27-07-1930,14:45,"Estadio Centenario, Montevideo",1930
17,Uruguay,Argentina,4–2,30-07-1930,12:45,"Estadio Centenario, Montevideo",1930
18,Spain,Brazil,3–1,27-05-1934,16:00,"Stadio Luigi Ferraris, Genoa",1934
19,Hungary,Egypt,4–2,27-05-1934,16:00,"Stadio Giorgio Ascarelli, Naples",1934
20,Switzerland,Netherlands,3–2,27-05-1934,16:00,"Stadio San Siro, Milan",1934
21,Italy,United States,7–1,27-05-1934,16:00,"Stadio Nazionale PNF, Rome",1934
22,Czechoslovakia,Romania,2–1,27-05-1934,16:00,"Stadio Littorio, Trieste",1934
23,Sweden,Argentina,3–2,27-05-1934,16:00,"Stadio Littoriale, Bologna",1934
24,Austria,France,3–2 P,27-05-1934,16:00,"Stadio Benito Mussolini, Turin",1934
25,Germany,Belgium,5–2,27-05-1934,16:00,"Stadio Giovanni Berta, Florence",1934
26,Austria,Hungary,2–1,31-05-1934,16:30,"Stadio Littoriale, Bologna",1934
27,Italy,Spain,1–1 P,31-05-1934,16:30,"Stadio Giovanni Berta, Florence",1934
28,Germany,Sweden,2–1,31-05-1934,16:30,"Stadio San Siro, Milan",1934
29,Czechoslovakia,Switzerland,3–2,31-05-1934,16:30,"Stadio Benito Mussolini, Turin",1934
30,Italy,Spain,1–0,1-06-1934,16:30,"Stadio Giovanni Berta, Florence",1934
31,Italy,Austria,1–0,3-06-1934,16:30,"Stadio San Siro, Milan",1934
32,Czechoslovakia,Germany,3–1,3-06-1934,16:30,"Stadio Nazionale PNF, Rome",1934
33,Germany,Austria,3–2,7-06-1934,18:00,"Stadio Giorgio Ascarelli, Naples",1934
34,Italy,Czechoslovakia,2–1 P,10-06-1934,15:30,"Stadio Nazionale PNF, Rome",1934
35,Switzerland,Germany,1–1 P,4-06-1938,17:00,"Parc des Princes, Paris",1938
36,Hungary,Dutch East Indies,6–0,5-06-1938,17:00,"Vélodrome Municipal, Reims",1938
37,Sweden,Austria,1-0,5-06-1938,,"Stade Gerland, Lyon",1938
38,Cuba,Romania,3–3 P,5-06-1938,17:00,"Stade du T.O.E.C., Toulouse",1938
39,France,Belgium,3–1,5-06-1938,17:00,"Stade Olympique de Colombes, Colombes",1938
40,Italy,Norway,2–1 P,5-06-1938,17:00,"Stade Vélodrome, Marseille",1938
41,Brazil,Poland,6–5 P,5-06-1938,17:30,"Stade de la Meinau, Strasbourg",1938
42,Czechoslovakia,Netherlands,3–0 P,5-06-1938,18:30,"Stade municipal, Le Havre",1938
43,Switzerland,Germany,4–2,9-06-1938,18:00,"Parc des Princes, Paris",1938
44,Cuba,Romania,2–1,9-06-1938,18:00,"Stade du T.O.E.C., Toulouse",1938
45,Hungary,Switzerland,2–0,12-06-1938,17:00,"Stade Victor Boucquey, Lille",1938
46,Sweden,Cuba,8–0,12-06-1938,17:00,"Stade du Fort Carré, Antibes",1938
47,Italy,France,3–1,12-06-1938,17:00,"Stade Olympique de Colombes, Colombes",1938
48,Brazil,Czechoslovakia,1–1 P,12-06-1938,17:00,"Parc Lescure, Bordeaux",1938
49,Brazil,Czechoslovakia,2–1,14-06-1938,18:00,"Parc Lescure, Bordeaux",1938
50,Hungary,Sweden,5–1,16-06-1938,18:00,"Parc des Princes, Paris",1938
51,Italy,Brazil,2–1,16-06-1938,18:00,"Stade Vélodrome, Marseille",1938
52,Brazil,Sweden,4–2,19-06-1938,17:00,"Parc Lescure, Bordeaux",1938
53,Italy,Hungary,4–2,19-06-1938,15:00,"Stade Olympique de Colombes, Paris",1938
54,Brazil,Mexico,4–0,24-06-1950,15:00,"Estádio do Maracanã, Rio de Janeiro",1950
55,Yugoslavia,Switzerland,3–0,25-06-1950,15:00,"Estádio Independência, Belo Horizonte",1950
56,Brazil,Switzerland,2–2,28-06-1950,15:00,"Estádio do Pacaembu, São Paulo",1950
57,Yugoslavia,Mexico,4–1,28-06-1950,15:00,"Estádio dos Eucaliptos, Porto Alegre",1950
58,Brazil,Yugoslavia,2–0,1-07-1950,15:00,"Estádio do Maracanã, Rio de Janeiro",1950
59,Switzerland,Mexico,2–1,2-07-1950,15:40,"Estádio dos Eucaliptos, Porto Alegre",1950
60,England,Chile,2–0,25-06-1950,15:00,"Estádio do Maracanã, Rio de Janeiro",1950
61,Spain,United States,3–1,25-06-1950,15:00,"Estádio Durival de Britto, Curitiba",1950
62,Spain,Chile,2–0,29-06-1950,15:00,"Estádio do Maracanã, Rio de Janeiro",1950
63,United States,England,1–0,29-06-1950,15:00,"Estádio Independência, Belo Horizonte",1950
64,Spain,England,1–0,2-07-1950,15:00,"Estádio do Maracanã, Rio de Janeiro",1950
65,Chile,United States,5–2,2-07-1950,15:00,"Estádio Ilha do Retiro, Recife",1950
66,Sweden,Italy,3–2,25-06-1950,15:00,"Estádio do Pacaembu, São Paulo",1950
67,Sweden,Paraguay,2–2,29-06-1950,15:30,"Estádio Durival Britto, Curitiba",1950
68,Italy,Paraguay,2–0,2-07-1950,15:00,"Estádio do Pacaembu, São Paulo",1950
69,Uruguay,Bolivia,8–0,2-07-1950,15:00,"Estádio Independência, Belo Horizonte",1950
70,Uruguay,Spain,2–2,9-07-1950,15:00,"Estádio do Pacaembu, São Paulo",1950
71,Brazil,Sweden,7–1,9-07-1950,15:00,"Estádio do Maracanã, Rio de Janeiro",1950
72,Brazil,Spain,6–1,13-07-1950,15:00,"Estádio do Maracanã, Rio de Janeiro",1950
73,Uruguay,Sweden,3–2,13-07-1950,15:00,"Estádio do Pacaembu, São Paulo",1950
74,Sweden,Spain,3–1,16-07-1950,15:00,"Estádio do Pacaembu, São Paulo",1950
75,Uruguay,Brazil,2–1,16-07-1950,15:00,"Estádio do Maracanã, Rio de Janeiro",1950
76,Brazil,Mexico,5–0,16-06-1954,18:00,"Charmilles Stadium, Geneva",1954
77,Yugoslavia,France,1–0,16-06-1954,18:00,"Stade Olympique de la Pontaise, Lausanne",1954
78,Brazil,Yugoslavia,1–1 P,19-06-1954,17:00,"Stade Olympique de la Pontaise, Lausanne",1954
79,France,Mexico,3–2,19-06-1954,17:10,"Charmilles Stadium, Geneva",1954
80,West Germany,Turkey,4–1,17-06-1954,18:00,"Wankdorf Stadium, Bern",1954
81,Hungary,South Korea,9–0,17-06-1954,18:00,"Hardturm Stadium, Zürich",1954
82,Hungary,West Germany,8–3,20-06-1954,16:50,"St. Jakob Stadium, Basel",1954
83,Turkey,South Korea,7–0,20-06-1954,17:00,"Charmilles Stadium, Geneva",1954
84,West Germany,Turkey,7–2,23-06-1954,18:00,"Hardturm Stadium, Zürich",1954
85,Uruguay,Czechoslovakia,2–0,16-06-1954,18:00,"Wankdorf Stadium, Bern",1954
86,Austria,Scotland,1–0,16-06-1954,18:00,"Hardturm Stadium, Zürich",1954
87,Uruguay,Scotland,7–0,19-06-1954,16:50,"St. Jakob Stadium, Basel",1954
88,Austria,Czechoslovakia,5–0,19-06-1954,17:00,"Hardturm Stadium, Zürich",1954
89,Switzerland,Italy,2–1,17-06-1954,17:50,"Stade Olympique de la Pontaise, Lausanne",1954
90,England,Belgium,4–4 P,17-06-1954,18:10,"St. Jakob Stadium, Basel",1954
91,Italy,Belgium,4–1,20-06-1954,17:00,"Cornaredo Stadium, Lugano",1954
92,England,Switzerland,2–0,20-06-1954,17:10,"Wankdorf Stadium, Bern",1954
93,Switzerland,Italy,4–1,23-06-1954,18:00,"St. Jakob Stadium, Basel",1954
94,Austria,Switzerland,7–5,26-06-1954,17:00,"Stade Olympique de la Pontaise, Lausanne",1954
95,Uruguay,England,4–2,26-06-1954,17:00,"St. Jakob Stadium, Basel",1954
96,West Germany,Yugoslavia,2–0,27-06-1954,17:00,"Charmilles Stadium, Geneva",1954
97,Hungary,Brazil,4–2,27-06-1954,17:00,"Wankdorf Stadium, Bern",1954
98,West Germany,Austria,6–1,30-06-1954,18:00,"St. Jakob Stadium, Basel",1954
99,Hungary,Uruguay,4–2 P,30-06-1954,18:00,"Stade Olympique de la Pontaise, Lausanne",1954
100,Austria,Uruguay,3–1,3-07-1954,17:00,"Hardturm Stadium, Zürich",1954
101,West Germany,Hungary,3–2,4-07-1954,17:00,"Wankdorf Stadium, Bern",1954
102,Argentina,West Germany,1–3,8-06-1958,19:00,"Malmö Stadion, Malmö",1958
103,Northern Ireland,Czechoslovakia,1–0,8-06-1958,19:00,"Örjans Vall, Halmstad",1958
104,West Germany,Czechoslovakia,2–2,11-06-1958,19:00,"Olympiastadion, Helsingborg",1958
105,Argentina,Northern Ireland,3–1,11-06-1958,19:00,"Örjans Vall, Halmstad",1958
106,West Germany,Northern Ireland,2–2,15-06-1958,19:00,"Malmö Stadion, Malmö",1958
107,Czechoslovakia,Argentina,6–1,15-06-1958,19:00,"Olympiastadion, Helsingborg",1958
108,Northern Ireland,Czechoslovakia,2–1 P,17-06-1958,19:00,"Malmö Stadion, Malmö",1958
109,France,Paraguay,7–3,8-06-1958,19:00,"Idrottsparken, Norrköping",1958
110,Yugoslavia,Scotland,1–1,8-06-1958,19:00,"Arosvallen, Västerås",1958
111,Yugoslavia,France,3–2,11-06-1958,19:00,"Arosvallen, Västerås",1958
112,Paraguay,Scotland,3–2,11-06-1958,19:00,"Idrottsparken, Norrköping",1958
113,France,Scotland,2–1,15-06-1958,19:00,"Eyravallen, Örebro",1958
114,Paraguay,Yugoslavia,3–3,15-06-1958,19:00,"Tunavallen, Eskilstuna",1958
115,Sweden,Mexico,3–0,8-06-1958,14:00,"Råsunda Stadium, Solna",1958
116,Hungary,Wales,1–1,8-06-1958,19:00,"Jernvallen, Sandviken",1958
117,Mexico,Wales,1–1,11-06-1958,19:00,"Råsunda Stadium, Solna",1958
118,Sweden,Hungary,2–1,12-06-1958,19:00,"Råsunda Stadium, Solna",1958
119,Sweden,Wales,0–0,15-06-1958,14:00,"Råsunda Stadium, Solna",1958
120,Hungary,Mexico,4–0,15-06-1958,19:00,"Jernvallen, Sandviken",1958
121,Wales,Hungary,2–1,17-06-1958,19:00,"Råsunda Stadium, Solna",1958
122,Brazil,Austria,3–0,8-06-1958,19:00,"Rimnersvallen, Uddevalla",1958
123,Soviet Union,England,2–2,8-06-1958,19:00,"Ullevi, Gothenburg",1958
124,Brazil,England,0–0,11-06-1958,19:00,"Ullevi, Gothenburg",1958
125,Soviet Union,Austria,2–0,11-06-1958,19:00,"Ryavallen, Borås",1958
126,England,Austria,2–2,15-06-1958,19:00,"Ryavallen, Borås",1958
127,Brazil,Soviet Union,2–0,15-06-1958,19:00,"Ullevi, Gothenburg",1958
128,Soviet Union,England,1–0,17-06-1958,19:00,"Ullevi, Gothenburg",1958
129,Brazil,Wales,1–0,19-06-1958,19:00,"Ullevi, Gothenburg",1958
130,France,Northern Ireland,4–0,19-06-1958,19:00,"Idrottsparken, Norrköping",1958
131,Sweden,Soviet Union,2–0,19-06-1958,19:00,"Råsunda Stadium, Solna",1958
132,West Germany,Yugoslavia,1–0,19-06-1958,19:00,"Malmö Stadion, Malmö",1958
133,Brazil,France,5–2,24-06-1958,19:00,"Råsunda Stadium, Solna",1958
134,Sweden,West Germany,3–1,24-06-1958,19:00,"Ullevi, Gothenburg",1958
135,France,West Germany,6–3,28-06-1958,17:00,"Ullevi, Gothenburg",1958
136,Brazil,Sweden,5–2,29-06-1958,15:00,"Råsunda Stadium, Solna",1958
137,Uruguay,Colombia,2–1,30-05-1962,15:00,"Estadio Carlos Dittborn, Arica",1962
138,Soviet Union,Yugoslavia,2–0,31-05-1962,15:00,"Estadio Carlos Dittborn, Arica",1962
139,Yugoslavia,Uruguay,3–1,2-06-1962,15:00,"Estadio Carlos Dittborn, Arica",1962
140,Soviet Union,Colombia,4–4,3-06-1962,15:00,"Estadio Carlos Dittborn, Arica",1962
141,Soviet Union,Uruguay,2–1,6-06-1962,15:00,"Estadio Carlos Dittborn, Arica",1962
142,Yugoslavia,Colombia,5–0,7-06-1962,15:00,"Estadio Carlos Dittborn, Arica",1962
143,Chile,Switzerland,3–1,30-05-1962,15:00,"Estadio Nacional, Santiago",1962
144,West Germany,Italy,0–0,31-05-1962,15:00,"Estadio Nacional, Santiago",1962
145,Chile,Italy,2–0,2-06-1962,15:00,"Estadio Nacional, Santiago",1962
146,West Germany,Switzerland,2–1,3-06-1962,15:00,"Estadio Nacional, Santiago",1962
147,West Germany,Chile,2–0,6-06-1962,15:00,"Estadio Nacional, Santiago",1962
148,Italy,Switzerland,3–0,7-06-1962,15:00,"Estadio Nacional, Santiago",1962
149,Brazil,Mexico,2–0,30-05-1962,15:00,"Estadio Sausalito, Viña del Mar",1962
150,Czechoslovakia,Spain,1–0,31-05-1962,15:00,"Estadio Sausalito, Viña del Mar",1962
151,Brazil,Czechoslovakia,0–0,2-06-1962,15:00,"Estadio Sausalito, Viña del Mar",1962
152,Spain,Mexico,1–0,3-06-1962,15:00,"Estadio Sausalito, Viña del Mar",1962
153,Brazil,Spain,2–1,6-06-1962,15:00,"Estadio Sausalito, Viña del Mar",1962
154,Mexico,Czechoslovakia,3–1,7-06-1962,15:00,"Estadio Sausalito, Viña del Mar",1962
155,Argentina,Bulgaria,1–0,30-05-1962,15:00,"Estadio El Teniente, Rancagua",1962
156,Hungary,England,2–1,31-05-1962,15:00,"Estadio El Teniente, Rancagua",1962
157,England,Argentina,3–1,2-06-1962,15:00,"Estadio El Teniente, Rancagua",1962
158,Hungary,Bulgaria,6–1,3-06-1962,15:00,"Estadio El Teniente, Rancagua",1962
159,Hungary,Argentina,0–0,6-06-1962,15:00,"Estadio El Teniente, Rancagua",1962
160,England,Bulgaria,0–0,7-06-1962,15:00,"Estadio El Teniente, Rancagua",1962
161,Chile,Soviet Union,2–1,10-06-1962,14:30,"Estadio Carlos Dittborn, Arica",1962
162,Czechoslovakia,Hungary,1–0,10-06-1962,14:30,"Estadio El Teniente, Rancagua",1962
163,Brazil,England,3–1,10-06-1962,14:30,"Estadio Sausalito, Viña del Mar",1962
164,Yugoslavia,West Germany,1–0,10-06-1962,14:30,"Estadio Nacional, Santiago",1962
165,Czechoslovakia,Yugoslavia,3–1,13-06-1962,14:30,"Estadio Sausalito, Viña del Mar",1962
166,Brazil,Chile,4–2,13-06-1962,14:30,"Estadio Nacional, Santiago",1962
167,Chile,Yugoslavia,1–0,16-06-1962,14:30,"Estadio Nacional, Santiago",1962
168,Brazil,Czechoslovakia,3–1,17-06-1962,14:30,"Estadio Nacional, Santiago",1962
169,England,Uruguay,0–0,11-07-1966,19:30,"Wembley Stadium, London",1966
170,France,Mexico,1–1,13-07-1966,19:30,"Wembley Stadium, London",1966
171,Uruguay,France,2–1,15-07-1966,19:30,"White City Stadium, London",1966
172,England,Mexico,2–0,16-07-1966,19:30,"Wembley Stadium, London",1966
173,Mexico,Uruguay,0–0,19-07-1966,16:30,"Wembley Stadium, London",1966
174,England,France,2–0,20-07-1966,19:30,"Wembley Stadium, London",1966
175,West Germany,Switzerland,5–0,12-07-1966,19:30,"Hillsborough Stadium, Sheffield",1966
176,Argentina,Spain,2–1,13-07-1966,19:30,"Villa Park, Birmingham",1966
177,Spain,Switzerland,2–1,15-07-1966,19:30,"Hillsborough Stadium, Sheffield",1966
178,Argentina,West Germany,0–0,16-07-1966,15:00,"Villa Park, Birmingham",1966
179,Argentina,Switzerland,2–0,19-07-1966,19:30,"Hillsborough Stadium, Sheffield",1966
180,West Germany,Spain,2–1,20-07-1966,19:30,"Villa Park, Birmingham",1966
181,Brazil,Bulgaria,2–0,12-07-1966,19:30,"Goodison Park, Liverpool",1966
182,Portugal,Hungary,3–1,13-07-1966,19:30,"Old Trafford, Manchester",1966
183,Hungary,Brazil,3–1,15-07-1966,19:30,"Goodison Park, Liverpool",1966
184,Portugal,Bulgaria,3–0,16-07-1966,15:00,"Old Trafford, Manchester",1966
185,Portugal,Brazil,3–1,19-07-1966,19:30,"Goodison Park, Liverpool",1966
186,Hungary,Bulgaria,3–1,20-07-1966,19:30,"Old Trafford, Manchester",1966
187,Soviet Union,North Korea,3–0,12-07-1966,19:30,"Ayresome Park, Middlesbrough",1966
188,Italy,Chile,2–0,13-07-1966,19:30,"Roker Park, Sunderland",1966
189,Chile,North Korea,1–1,15-07-1966,19:30,"Ayresome Park, Middlesbrough",1966
190,Soviet Union,Italy,1–0,16-07-1966,15:00,"Roker Park, Sunderland",1966
191,North Korea,Italy,1–0,19-07-1966,19:30,"Ayresome Park, Middlesbrough",1966
192,Soviet Union,Chile,2–1,20-07-1966,19:30,"Roker Park, Sunderland",1966
193,England,Argentina,1–0,23-07-1966,15:00,"Wembley Stadium, London",1966
194,West Germany,Uruguay,4–0,23-07-1966,15:00,"Hillsborough Stadium, Sheffield",1966
195,Soviet Union,Hungary,2–1,23-07-1966,15:00,"Roker Park, Sunderland",1966
196,Portugal,North Korea,5–3,23-07-1966,15:00,"Goodison Park, Liverpool",1966
197,West Germany,Soviet Union,2–1,25-07-1966,19:30,"Goodison Park, Liverpool",1966
198,England,Portugal,2–1,26-07-1966,19:30,"Wembley Stadium, London",1966
199,Portugal,Soviet Union,2–1,28-07-1966,19:30,"Wembley Stadium, London",1966
200,England,West Germany,4–2 P,30-07-1966,15:00,"Wembley Stadium, London",1966
201,Mexico,Soviet Union,0–0,31-05-1970,12:00,"Estadio Azteca, Mexico City",1970
202,Belgium,El Salvador,3–0,3-06-1970,16:00,"Estadio Azteca, Mexico City",1970
203,Soviet Union,Belgium,4–1,6-06-1970,16:00,"Estadio Azteca, Mexico City",1970
204,Mexico,El Salvador,4–0,7-06-1970,12:00,"Estadio Azteca, Mexico City",1970
205,Soviet Union,El Salvador,2–0,10-06-1970,16:00,"Estadio Azteca, Mexico City",1970
206,Mexico,Belgium,1–0,11-06-1970,16:00,"Estadio Azteca, Mexico City",1970
207,Uruguay,Israel,2–0,2-06-1970,16:00,"Estadio Cuauhtémoc, Puebla",1970
208,Italy,Sweden,1–0,3-06-1970,16:00,"Estadio Luis Dosal, Toluca",1970
209,Uruguay,Italy,0–0,6-06-1970,16:00,"Estadio Cuauhtémoc, Puebla",1970
210,Sweden,Israel,1–1,7-06-1970,12:00,"Estadio Luis Dosal, Toluca",1970
211,Sweden,Uruguay,1–0,10-06-1970,16:00,"Estadio Cuauhtémoc, Puebla",1970
212,Italy,Israel,0–0,11-06-1970,16:00,"Estadio Luis Dosal, Toluca",1970
213,England,Romania,1–0,2-06-1970,16:00,"Estadio Jalisco, Guadalajara",1970
214,Brazil,Czechoslovakia,4–1,3-06-1970,16:00,"Estadio Jalisco, Guadalajara",1970
215,Romania,Czechoslovakia,2–1,6-06-1970,16:00,"Estadio Jalisco, Guadalajara",1970
216,Brazil,England,1–0,7-06-1970,12:00,"Estadio Jalisco, Guadalajara",1970
217,Brazil,Romania,3–2,10-06-1970,16:00,"Estadio Jalisco, Guadalajara",1970
218,England,Czechoslovakia,1–0,11-06-1970,16:00,"Estadio Jalisco, Guadalajara",1970
219,Peru,Bulgaria,3–2,2-06-1970,16:00,"Estadio Nou Camp, León",1970
220,West Germany,Morocco,2–1,3-06-1970,16:00,"Estadio Nou Camp, León",1970
221,Peru,Morocco,3–0,6-06-1970,16:00,"Estadio Nou Camp, León",1970
222,West Germany,Bulgaria,5–2,7-06-1970,12:00,"Estadio Nou Camp, León",1970
223,West Germany,Peru,3–1,10-06-1970,16:00,"Estadio Nou Camp, León",1970
224,Bulgaria,Morocco,1–1,11-06-1970,16:00,"Estadio Nou Camp, León",1970
225,Soviet Union,Uruguay,0–1 P,14-06-1970,12:00,"Estadio Azteca, Mexico City",1970
226,Italy,Mexico,4–1,14-06-1970,12:00,"Estadio Luis Dosal, Toluca",1970
227,Brazil,Peru,4–2,14-06-1970,12:00,"Estadio Jalisco, Guadalajara",1970
228,West Germany,England,3–2 P,14-06-1970,12:00,"Estadio Nou Camp, León",1970
229,Uruguay,Brazil,1–3,17-06-1970,16:00,"Estadio Jalisco, Guadalajara",1970
230,Italy,West Germany,4–3 P,17-06-1970,16:00,"Estadio Azteca, Mexico City",1970
231,Uruguay,West Germany,0–1,20-06-1970,16:00,"Estadio Azteca, Mexico City",1970
232,Brazil,Italy,4–1,21-06-1970,12:00,"Estadio Azteca, Mexico City",1970
233,West Germany,Chile,1–0,14-06-1974,16:00,"Olympiastadion, West Berlin",1974
234,East Germany,Australia,2–0,14-06-1974,19:30,"Volksparkstadion, Hamburg",1974
235,Australia,West Germany,0–3,18-06-1974,16:00,"Volksparkstadion, Hamburg",1974
236,Chile,East Germany,1–1,18-06-1974,19:30,"Olympiastadion, West Berlin",1974
237,Australia,Chile,0–0,22-06-1974,16:00,"Olympiastadion, West Berlin",1974
238,East Germany,West Germany,1–0,22-06-1974,19:30,"Volksparkstadion, Hamburg",1974
239,Brazil,Yugoslavia,0–0,13-06-1974,17:00,"Waldstadion, Frankfurt",1974
240,Zaire,Scotland,0–2,14-06-1974,19:30,"Westfalenstadion, Dortmund",1974
241,Yugoslavia,Zaire,9–0,18-06-1974,19:30,"Parkstadion, Gelsenkirchen",1974
242,Scotland,Brazil,0–0,18-06-1974,19:30,"Waldstadion, Frankfurt",1974
243,Scotland,Yugoslavia,1–1,22-06-1974,16:00,"Waldstadion, Frankfurt",1974
244,Zaire,Brazil,0–3,22-06-1974,16:00,"Parkstadion, Gelsenkirchen",1974
245,Uruguay,Netherlands,0–2,15-06-1974,16:00,"Niedersachsenstadion, Hanover",1974
246,Sweden,Bulgaria,0–0,15-06-1974,16:00,"Rheinstadion, Düsseldorf",1974
247,Bulgaria,Uruguay,1–1,19-06-1974,19:30,"Niedersachsenstadion, Hanover",1974
248,Netherlands,Sweden,0–0,19-06-1974,19:30,"Westfalenstadion, Dortmund",1974
249,Bulgaria,Netherlands,1–4,23-06-1974,16:00,"Westfalenstadion, Dortmund",1974
250,Sweden,Uruguay,3–0,23-06-1974,16:00,"Rheinstadion, Düsseldorf",1974
251,Italy,Haiti,3–1,15-06-1974,18:00,"Olympiastadion, Munich",1974
252,Poland,Argentina,3–2,15-06-1974,18:00,"Neckarstadion, Stuttgart",1974
253,Argentina,Italy,1–1,19-06-1974,19:30,"Neckarstadion, Stuttgart",1974
254,Haiti,Poland,0–7,19-06-1974,19:30,"Olympiastadion, Munich",1974
255,Argentina,Haiti,4–1,23-06-1974,16:00,"Olympiastadion, Munich",1974
256,Poland,Italy,2–1,23-06-1974,16:00,"Neckarstadion, Stuttgart",1974
257,Netherlands,Argentina,4–0,26-06-1974,19:30,"Parkstadion, Gelsenkirchen",1974
258,Brazil,East Germany,1–0,26-06-1974,19:30,"Niedersachsenstadion, Hanover",1974
259,Argentina,Brazil,1–2,30-06-1974,16:00,"Niedersachsenstadion, Hanover",1974
260,East Germany,Netherlands,0–2,30-06-1974,16:00,"Parkstadion, Gelsenkirchen",1974
261,Argentina,East Germany,1–1,3-07-1974,19:30,"Parkstadion, Gelsenkirchen",1974
262,Netherlands,Brazil,2–0,3-07-1974,19:30,"Westfalenstadion, Dortmund",1974
263,Yugoslavia,West Germany,0–2,26-06-1974,16:00,"Rheinstadion, Düsseldorf",1974
264,Sweden,Poland,0–1,26-06-1974,19:30,"Neckarstadion, Stuttgart",1974
265,Poland,Yugoslavia,2–1,30-06-1974,16:00,"Waldstadion, Frankfurt",1974
266,West Germany,Sweden,4–2,30-06-1974,19:30,"Rheinstadion, Düsseldorf",1974
267,Poland,West Germany,0–1,3-07-1974,16:35,"Waldstadion, Frankfurt",1974
268,Sweden,Yugoslavia,2–1,3-07-1974,19:30,"Rheinstadion, Düsseldorf",1974
269,Brazil,Poland,0–1,6-07-1974,16:00,"Olympiastadion, Munich",1974
270,Netherlands,West Germany,1–2,7-07-1974,16:00,"Olympiastadion, Munich",1974
271,Italy,France,2–1,2-06-1978,13:45,"World Cup Stadium, Mar del Plata",1978
272,Argentina,Hungary,2–1,2-06-1978,19:15,"River Plate Stadium, Buenos Aires",1978
273,Italy,Hungary,3–1,6-06-1978,13:45,"World Cup Stadium, Mar del Plata",1978
274,Argentina,France,2–1,6-06-1978,19:15,"River Plate Stadium, Buenos Aires",1978
275,France,Hungary,3–1,10-06-1978,14:30,"World Cup Stadium, Mar del Plata",1978
276,Argentina,Italy,0–1,10-06-1978,19:15,"River Plate Stadium, Buenos Aires",1978
277,West Germany,Poland,0–0,1-06-1978,15:00,"River Plate Stadium, Buenos Aires",1978
278,Tunisia,Mexico,3–1,2-06-1978,16:45,"Rosario Central Stadium, Rosario",1978
279,West Germany,Mexico,6–0,6-06-1978,16:45,"Olympic Stadium, Córdoba",1978
280,Poland,Tunisia,1–0,6-06-1978,16:45,"Rosario Central Stadium, Rosario",1978
281,West Germany,Tunisia,0–0,10-06-1978,16:45,"Olympic Stadium, Córdoba",1978
282,Poland,Mexico,3–1,10-06-1978,16:45,"Rosario Central Stadium, Rosario",1978
283,Austria,Spain,2–1,3-06-1978,13:45,"José Amalfitani Stadium, Buenos Aires",1978
284,Brazil,Sweden,1–1,3-06-1978,13:45,"World Cup Stadium, Mar del Plata",1978
285,Austria,Sweden,1–0,7-06-1978,13:45,"José Amalfitani Stadium, Buenos Aires",1978
286,Brazil,Spain,0–0,7-06-1978,13:45,"World Cup Stadium, Mar del Plata",1978
287,Spain,Sweden,1–0,11-06-1978,13:45,"José Amalfitani Stadium, Buenos Aires",1978
288,Brazil,Austria,1–0,11-06-1978,13:45,"World Cup Stadium, Mar del Plata",1978
289,Peru,Scotland,3–1,3-06-1978,16:45,"Olympic Stadium, Córdoba",1978
290,Netherlands,Iran,3–0,3-06-1978,16:45,"Mendoza City Stadium, Mendoza",1978
291,Scotland,Iran,1–1,7-06-1978,16:45,"Olympic Stadium, Córdoba",1978
292,Netherlands,Peru,0–0,7-06-1978,16:45,"Mendoza City Stadium, Mendoza",1978
293,Peru,Iran,4–1,11-06-1978,16:45,"Olympic Stadium, Córdoba",1978
294,Scotland,Netherlands,3–2,11-06-1978,16:45,"Mendoza City Stadium, Mendoza",1978
295,Austria,Netherlands,1–5,14-06-1978,13:45,"Olympic Stadium, Córdoba",1978
296,Italy,West Germany,0–0,14-06-1978,13:45,"River Plate Stadium, Buenos Aires",1978
297,Netherlands,West Germany,2–2,18-06-1978,16:45,"Olympic Stadium, Córdoba",1978
298,Italy,Austria,1–0,18-06-1978,16:45,"River Plate Stadium, Buenos Aires",1978
299,Austria,West Germany,3–2,21-06-1978,13:45,"Olympic Stadium, Córdoba",1978
300,Italy,Netherlands,1–2,21-06-1978,13:45,"River Plate Stadium, Buenos Aires",1978
301,Brazil,Peru,3–0,14-06-1978,16:45,"Mendoza City Stadium, Mendoza",1978
302,Argentina,Poland,2–0,14-06-1978,19:15,"Rosario Central Stadium, Rosario",1978
303,Peru,Poland,0–1,18-06-1978,13:45,"Mendoza City Stadium, Mendoza",1978
304,Argentina,Brazil,0–0,18-06-1978,19:15,"Rosario Central Stadium, Rosario",1978
305,Brazil,Poland,3–1,21-06-1978,16:45,"Mendoza City Stadium, Mendoza",1978
306,Argentina,Peru,6–0,21-06-1978,19:15,"Rosario Central Stadium, Rosario",1978
307,Brazil,Italy,2–1,24-06-1978,15:00,"River Plate Stadium, Buenos Aires",1978
308,Argentina,Netherlands,3–1 P,25-06-1978,15:00,"River Plate Stadium, Buenos Aires",1978
309,Italy,Poland,0–0,14-06-1982,17:15,"Balaídos, Vigo",1982
310,Peru,Cameroon,0–0,15-06-1982,17:15,"Estadio de Riazor, A Coruña",1982
311,Italy,Peru,1–1,18-06-1982,17:15,"Balaídos, Vigo",1982
312,Poland,Cameroon,0–0,19-06-1982,17:15,"Estadio de Riazor, A Coruña",1982
313,Poland,Peru,5–1,22-06-1982,17:15,"Estadio de Riazor, A Coruña",1982
314,Italy,Cameroon,1–1,23-06-1982,17:15,"Balaídos, Vigo",1982
315,West Germany,Algeria,1–2,16-06-1982,17:15,"El Molinón, Gijón",1982
316,Chile,Austria,0–1,17-06-1982,17:15,"Estadio Carlos Tartiere, Oviedo",1982
317,West Germany,Chile,4–1,20-06-1982,17:15,"El Molinón, Gijón",1982
318,Algeria,Austria,0–2,21-06-1982,17:15,"Estadio Carlos Tartiere, Oviedo",1982
319,Algeria,Chile,3–2,24-06-1982,17:15,"Estadio Carlos Tartiere, Oviedo",1982
320,West Germany,Austria,1–0,25-06-1982,17:15,"El Molinón, Gijón",1982
321,Argentina,Belgium,0–1,13-06-1982,20:00,"Camp Nou, Barcelona",1982
322,Hungary,El Salvador,10–1,15-06-1982,21:00,"Nuevo Estadio, Elche",1982
323,Argentina,Hungary,4–1,18-06-1982,21:00,"Estadio José Rico Pérez, Alicante",1982
324,Belgium,El Salvador,1–0,19-06-1982,21:00,"Nuevo Estadio, Elche",1982
325,Belgium,Hungary,1–1,22-06-1982,21:00,"Nuevo Estadio, Elche",1982
326,Argentina,El Salvador,2–0,23-06-1982,21:00,"Estadio José Rico Pérez, Alicante",1982
327,England,France,3–1,16-06-1982,17:15,"San Mamés, Bilbao",1982
328,Czechoslovakia,Kuwait,1–1,17-06-1982,17:15,"Estadio José Zorrilla, Valladolid",1982
329,England,Czechoslovakia,2–0,20-06-1982,17:15,"San Mamés, Bilbao",1982
330,France,Kuwait,4–1,21-06-1982,17:15,"Estadio José Zorrilla, Valladolid",1982
331,France,Czechoslovakia,1–1,24-06-1982,17:15,"Estadio José Zorrilla, Valladolid",1982
332,England,Kuwait,1–0,25-06-1982,17:15,"San Mamés, Bilbao",1982
333,Spain,Honduras,1–1,16-06-1982,21:00,"Estadio Luis Casanova, Valencia",1982
334,Yugoslavia,Northern Ireland,0–0,17-06-1982,21:00,"La Romareda, Zaragoza",1982
335,Spain,Yugoslavia,2–1,20-06-1982,21:00,"Estadio Luis Casanova, Valencia",1982
336,Honduras,Northern Ireland,1–1,21-06-1982,21:00,"La Romareda, Zaragoza",1982
337,Honduras,Yugoslavia,0–1,24-06-1982,21:00,"La Romareda, Zaragoza",1982
338,Spain,Northern Ireland,0–1,25-06-1982,21:00,"Estadio Luis Casanova, Valencia",1982
339,Brazil,Soviet Union,2–1,14-06-1982,21:00,"Ramón Sánchez Pizjuán, Seville",1982
340,Scotland,New Zealand,5–2,15-06-1982,21:00,"La Rosaleda Stadium, Málaga",1982
341,Brazil,Scotland,4–1,18-06-1982,21:00,"Estadio Benito Villamarín, Seville",1982
342,Soviet Union,New Zealand,3–0,19-06-1982,21:00,"La Rosaleda Stadium, Málaga",1982
343,Soviet Union,Scotland,2–2,22-06-1982,21:00,"La Rosaleda Stadium, Málaga",1982
344,Brazil,New Zealand,4–0,23-06-1982,21:00,"Estadio Benito Villamarín, Seville",1982
345,Poland,Belgium,3–0,28-06-1982,21:00,"Camp Nou, Barcelona",1982
346,Belgium,Soviet Union,0–1,1-07-1982,21:00,"Camp Nou, Barcelona",1982
347,Soviet Union,Poland,0–0,4-07-1982,21:00,"Camp Nou, Barcelona",1982
348,West Germany,England,0–0,29-06-1982,21:00,"Santiago Bernabéu, Madrid",1982
349,West Germany,Spain,2–1,2-07-1982,21:00,"Santiago Bernabéu, Madrid",1982
350,Spain,England,0–0,5-07-1982,21:00,"Santiago Bernabéu, Madrid",1982
351,Italy,Argentina,2–1,29-06-1982,17:15,"Sarrià Stadium, Barcelona",1982
352,Argentina,Brazil,1–3,2-07-1982,17:15,"Sarrià Stadium, Barcelona",1982
353,Italy,Brazil,3–2,5-07-1982,17:15,"Sarrià Stadium, Barcelona",1982
354,Austria,France,0–1,28-06-1982,17:15,"Vicente Calderón, Madrid",1982
355,Austria,Northern Ireland,2–2,1-07-1982,17:15,"Vicente Calderón, Madrid",1982
356,France,Northern Ireland,4–1,4-07-1982,17:15,"Vicente Calderón, Madrid",1982
357,Poland,Italy,0–2,8-07-1982,17:15,"Camp Nou, Barcelona",1982
358,West Germany,France,3–3 P,8-07-1982,21:00,"Ramón Sánchez Pizjuán Stadium, Seville",1982
359,Poland,France,3–2,10-07-1982,20:00,"Estadio José Rico Pérez, Alicante",1982
360,Italy,West Germany,3–1,11-07-1982,20:00,"Santiago Bernabéu, Madrid",1982
361,Bulgaria,Italy,1–1,31-05-1986,12:00,"Estadio Azteca, Mexico City",1986
362,Argentina,South Korea,3–1,2-06-1986,12:00,"Estadio Olímpico Universitario, Mexico City",1986
363,Italy,Argentina,1–1,5-06-1986,12:00,"Estadio Cuauhtémoc, Puebla",1986
364,South Korea,Bulgaria,1–1,5-06-1986,16:00,"Estadio Olímpico Universitario, Mexico City",1986
365,South Korea,Italy,2–3,10-06-1986,12:00,"Estadio Cuauhtémoc, Puebla",1986
366,Argentina,Bulgaria,2–0,10-06-1986,12:00,"Estadio Olímpico Universitario, Mexico City",1986
367,Belgium,Mexico,1–2,3-06-1986,12:00,"Estadio Azteca, Mexico City",1986
368,Paraguay,Iraq,1–0,4-06-1986,12:00,"Estadio Nemesio Díez, Toluca",1986
369,Mexico,Paraguay,1–1,7-06-1986,12:00,"Estadio Azteca, Mexico City",1986
370,Iraq,Belgium,1–2,8-06-1986,12:00,"Estadio Nemesio Díez, Toluca",1986
371,Paraguay,Belgium,2–2,11-06-1986,12:00,"Estadio Nemesio Díez, Toluca",1986
372,Iraq,Mexico,0–1,11-06-1986,12:00,"Estadio Azteca, Mexico City",1986
373,Canada,France,0–1,1-06-1986,16:00,"Estadio Nou Camp, León",1986
374,Soviet Union,Hungary,6–0,2-06-1986,12:00,"Estadio Sergio León Chavez, Irapuato",1986
375,France,Soviet Union,1–1,5-06-1986,12:00,"Estadio Nou Camp, León",1986
376,Hungary,Canada,2–0,6-06-1986,12:00,"Estadio Sergio León Chavez, Irapuato",1986
377,Hungary,France,0–3,9-06-1986,12:00,"Estadio Nou Camp, León",1986
378,Soviet Union,Canada,2–0,9-06-1986,12:00,"Estadio Sergio León Chavez, Irapuato",1986
379,Spain,Brazil,0–1,1-06-1986,12:00,"Estadio Jalisco, Guadalajara",1986
380,Algeria,Northern Ireland,1–1,3-06-1986,12:00,"Estadio Tres de Marzo, Zapopan",1986
381,Brazil,Algeria,1–0,6-06-1986,12:00,"Estadio Jalisco, Guadalajara",1986
382,Northern Ireland,Spain,1–2,7-06-1986,12:00,"Estadio Tres de Marzo, Zapopan",1986
383,Northern Ireland,Brazil,0–3,12-06-1986,12:00,"Estadio Jalisco, Guadalajara",1986
384,Algeria,Spain,0–3,12-06-1986,12:00,"Estadio Tecnológico, Monterrey",1986
385,Uruguay,West Germany,1–1,4-06-1986,12:00,"Estadio La Corregidora, Querétaro",1986
386,Scotland,Denmark,0–1,4-06-1986,16:00,"Estadio Neza 86, Nezahualcóyotl",1986
387,West Germany,Scotland,2–1,8-06-1986,12:00,"Estadio La Corregidora, Querétaro",1986
388,Denmark,Uruguay,6–1,8-06-1986,16:00,"Estadio Neza 86, Nezahualcóyotl",1986
389,Denmark,West Germany,2–0,13-06-1986,12:00,"Estadio La Corregidora, Querétaro",1986
390,Scotland,Uruguay,0–0,13-06-1986,12:00,"Estadio Neza 86, Nezahualcóyotl",1986
391,Morocco,Poland,0–0,2-06-1986,16:00,"Estadio Universitario, Monterrey",1986
392,Portugal,England,1–0,3-06-1986,16:00,"Estadio Tecnológico, Monterrey",1986
393,England,Morocco,0–0,6-06-1986,16:00,"Estadio Tecnológico, Monterrey",1986
394,Poland,Portugal,1–0,7-06-1986,16:00,"Estadio Universitario, Monterrey",1986
395,England,Poland,3–0,11-06-1986,16:00,"Estadio Universitario, Monterrey",1986
396,Portugal,Morocco,1–3,11-06-1986,16:00,"Estadio Tres de Marzo, Zapopan",1986
397,Mexico,Bulgaria,2–0,15-06-1986,12:00,"Estadio Azteca, Mexico City",1986
398,Soviet Union,Belgium,3–4 P,15-06-1986,16:00,"Estadio Nou Camp, León",1986
399,Brazil,Poland,4–0,16-06-1986,12:00,"Estadio Jalisco, Guadalajara",1986
400,Argentina,Uruguay,1–0,16-06-1986,16:00,"Estadio Cuauhtémoc, Puebla",1986
401,Italy,France,0–2,17-06-1986,12:00,"Estadio Olímpico Universitario, Mexico City",1986
402,Morocco,West Germany,0–1,17-06-1986,16:00,"Estadio Universitario, San Nicolás de los Garza",1986
403,England,Paraguay,3–0,18-06-1986,12:00,"Estadio Azteca, Mexico City",1986
404,Denmark,Spain,1–5,18-06-1986,16:00,"Estadio La Corregidora, Querétaro",1986
405,Brazil,France,1–1 P,21-06-1986,12:00,"Estadio Jalisco, Guadalajara",1986
406,West Germany,Mexico,0–0 P,21-06-1986,16:00,"Estadio Universitario, San Nicolás de los Garza",1986
407,Argentina,England,2–1,22-06-1986,12:00,"Estadio Azteca, Mexico City",1986
408,Spain,Belgium,1–1 P,22-06-1986,16:00,"Estadio Cuauhtémoc, Puebla",1986
409,France,West Germany,0–2,25-06-1986,12:00,"Estadio Jalisco, Guadalajara",1986
410,Argentina,Belgium,2–0,25-06-1986,16:00,"Estadio Azteca, Mexico City",1986
411,Belgium,France,2–4 P,28-06-1986,12:00,"Estadio Cuauhtémoc, Puebla",1986
412,Argentina,West Germany,3–2,29-06-1986,12:00,"Estadio Azteca, Mexico City",1986
413,Cameroon,Colombia,2–1 P,23-06-1990,17:00,"Stadio San Paolo, Naples",1990
414,Czechoslovakia,Costa Rica,4–1,23-06-1990,21:00,"Stadio San Nicola, Bari",1990
415,Brazil,Argentina,0–1,24-06-1990,17:00,"Stadio Delle Alpi, Turin",1990
416,West Germany,Netherlands,2–1,24-06-1990,21:00,"San Siro, Milan",1990
417,Republic of Ireland,Romania,0–0 P,25-06-1990,17:00,"Stadio Luigi Ferraris, Genoa",1990
418,Italy,Uruguay,2–0,25-06-1990,21:00,"Stadio Olimpico, Rome",1990
419,Spain,Yugoslavia,1–2 P,26-06-1990,17:00,"Stadio Marc'Antonio Bentegodi, Verona",1990
420,England,Belgium,1–0 P,26-06-1990,21:00,"Stadio Renato Dall'Ara, Bologna",1990
421,Argentina,Yugoslavia,0–0 P,30-06-1990,17:00,"Stadio Comunale, Florence",1990
422,Republic of Ireland,Italy,0–1,30-06-1990,21:00,"Stadio Olimpico, Rome",1990
423,Czechoslovakia,West Germany,0–1,1-07-1990,17:00,"San Siro, Milan",1990
424,Cameroon,England,2–3 P,1-07-1990,21:00,"Stadio San Paolo, Naples",1990
425,Argentina,Italy,1–1 P,3-07-1990,20:00,"Stadio San Paolo, Naples",1990
426,West Germany,England,1–1 P,4-07-1990,20:00,"Stadio delle Alpi, Turin",1990
427,Italy,England,2–1,7-07-1990,20:00,"Stadio San Nicola, Bari",1990
428,West Germany,Argentina,1–0,8-07-1990,20:00,"Stadio Olimpico, Rome",1990
429,United States,Switzerland,1–1,"06-18,-1994",11:30,"Pontiac Silverdome, Pontiac",1994
430,Colombia,Romania,1–3,"06-18,-1994",,"Rose Bowl, Pasadena",1994
431,Romania,Switzerland,1–4,"06-22,-1994",,"Pontiac Silverdome, Pontiac",1994
432,United States,Colombia,2–1,"06-22,-1994",,"Rose Bowl, Pasadena",1994
433,Switzerland,Colombia,0–2,"06-26,-1994",,"Stanford Stadium, Stanford",1994
434,United States,Romania,0–1,"06-26,-1994",,"Rose Bowl, Pasadena",1994
435,Cameroon,Sweden,2–2,"06-19,-1994",,"Rose Bowl, Pasadena",1994
436,Brazil,Russia,2–0,"06-20,-1994",,"Stanford Stadium, Stanford",1994
437,Brazil,Cameroon,3–0,"06-24,-1994",,"Stanford Stadium, Stanford",1994
438,Sweden,Russia,3–1,"06-24,-1994",,"Pontiac Silverdome, Pontiac",1994
439,Russia,Cameroon,6–1,"06-28,-1994",,"Stanford Stadium, Stanford",1994
440,Brazil,Sweden,1–1,"06-28,-1994",,"Pontiac Silverdome, Pontiac",1994
441,Germany,Bolivia,1–0,"06-17,-1994",,"Soldier Field, Chicago",1994
442,Spain,South Korea,2–2,"06-17,-1994",,"Cotton Bowl, Dallas",1994
443,Germany,Spain,1–1,"06-21,-1994",,"Soldier Field, Chicago",1994
444,South Korea,Bolivia,0–0,"06-23,-1994",,"Foxboro Stadium, Foxborough",1994
445,Bolivia,Spain,1–3,"06-27,-1994",,"Soldier Field, Chicago",1994
446,Germany,South Korea,3–2,"06-27,-1994",,"Cotton Bowl, Dallas",1994
447,Argentina,Greece,4–0,"06-21,-1994",12:30,"Foxboro Stadium, Foxborough",1994
448,Nigeria,Bulgaria,3–0,"06-21,-1994",,"Cotton Bowl, Dallas",1994
449,Argentina,Nigeria,2–1,"06-25,-1994",,"Foxboro Stadium, Foxborough",1994
450,Bulgaria,Greece,4–0,"06-26,-1994",11:30,"Soldier Field, Chicago",1994
451,Argentina,Bulgaria,0–2,"06-30,-1994",,"Cotton Bowl, Dallas",1994
452,Greece,Nigeria,0–2,"06-30,-1994",,"Foxboro Stadium, Foxborough",1994
453,Italy,Republic of Ireland,0–1,"06-18,-1994",,"Giants Stadium, East Rutherford",1994
454,Norway,Mexico,1–0,"06-19,-1994",,"RFK Stadium, Washington",1994
455,Italy,Norway,1–0,"06-23,-1994",,"Giants Stadium, East Rutherford",1994
456,Mexico,Republic of Ireland,2–1,"06-24,-1994",12:30,"Citrus Bowl, Orlando",1994
457,Italy,Mexico,1–1,"06-28,-1994",12:30,"RFK Stadium, Washington",1994
458,Republic of Ireland,Norway,0–0,"06-28,-1994",12:30,"Giants Stadium, East Rutherford",1994
459,Belgium,Morocco,1–0,"06-19,-1994",12:30,"Citrus Bowl, Orlando",1994
460,Netherlands,Saudi Arabia,2–1,"06-20,-1994",,"RFK Stadium, Washington",1994
461,Belgium,Netherlands,1–0,"06-25,-1994",12:30,"Citrus Bowl, Orlando",1994
462,Saudi Arabia,Morocco,2–1,"06-25,-1994",12:30,"Giants Stadium, East Rutherford",1994
463,Belgium,Saudi Arabia,0–1,"06-29,-1994",12:30,"RFK Stadium, Washington",1994
464,Morocco,Netherlands,1–2,"06-29,-1994",12:30,"Citrus Bowl, Orlando",1994
465,Germany,Belgium,3–2,"07-2,-1994",12:00,"Soldier Field, Chicago",1994
466,Spain,Switzerland,3–0,"07-2,-1994",,"RFK Stadium, Washington, D.C.",1994
467,Saudi Arabia,Sweden,1–3,"07-3,-1994",12:00,"Cotton Bowl, Dallas",1994
468,Romania,Argentina,3–2,"07-3,-1994",,"Rose Bowl, Pasadena",1994
469,Netherlands,Republic of Ireland,2–0,"07-4,-1994",12:00,"Citrus Bowl, Orlando",1994
470,Brazil,United States,1–0,"07-4,-1994",12:30,"Stanford Stadium, Stanford",1994
471,Nigeria,Italy,1–2 P,"07-5,-1994",,"Foxboro Stadium, Foxborough",1994
472,Mexico,Bulgaria,1–1 P,"07-5,-1994",,"Giants Stadium, East Rutherford",1994
473,Italy,Spain,2–1,"07-9,-1994",12:00,"Foxboro Stadium, Foxborough",1994
474,Netherlands,Brazil,2–3,"07-9,-1994",,"Cotton Bowl, Dallas",1994
475,Bulgaria,Germany,2–1,"07-10,-1994",12:00,"Giants Stadium, East Rutherford",1994
476,Romania,Sweden,2–2 P,"07-10,-1994",12:30,"Stanford Stadium, Stanford",1994
477,Bulgaria,Italy,1–2,"07-13,-1994",,"Giants Stadium, East Rutherford",1994
478,Sweden,Brazil,0–1,"07-13,-1994",,"Rose Bowl, Pasadena",1994
479,Sweden,Bulgaria,4–0,"07-16,-1994",12:30,"Rose Bowl, Pasadena",1994
480,Brazil,Italy,0–0 P,"07-17,-1994",12:30,"Rose Bowl, Pasadena",1994
481,Brazil,Scotland,2–1,10-06-1998,17:30,"Stade de France, Saint-Denis",1998
482,Morocco,Norway,2–2,10-06-1998,21:00,"Stade de la Mosson, Montpellier",1998
483,Scotland,Norway,1–1,16-06-1998,17:30,"Parc Lescure, Bordeaux",1998
484,Brazil,Morocco,3–0,16-06-1998,21:00,"Stade de la Beaujoire, Nantes",1998
485,Scotland,Morocco,0–3,23-06-1998,21:00,"Stade Geoffroy-Guichard, Saint-Étienne",1998
486,Brazil,Norway,1–2,23-06-1998,21:00,"Stade Vélodrome, Marseille",1998
487,Italy,Chile,2–2,11-06-1998,17:30,"Parc Lescure, Bordeaux",1998
488,Cameroon,Austria,1–1,11-06-1998,21:00,"Stade de Toulouse, Toulouse",1998
489,Chile,Austria,1–1,17-06-1998,17:30,"Stade Geoffroy-Guichard, Saint-Étienne",1998
490,Italy,Cameroon,3–0,17-06-1998,21:00,"Stade de la Mosson, Montpellier",1998
491,Italy,Austria,2–1,23-06-1998,16:00,"Stade de France, Saint-Denis",1998
492,Chile,Cameroon,1–1,23-06-1998,16:00,"Stade de la Beaujoire, Nantes",1998
493,Saudi Arabia,Denmark,0–1,12-06-1998,17:30,"Stade Félix Bollaert, Lens",1998
494,France,South Africa,3–0,12-06-1998,21:00,"Stade Vélodrome, Marseille",1998
495,South Africa,Denmark,1–1,18-06-1998,17:30,"Stade de Toulouse, Toulouse",1998
496,France,Saudi Arabia,4–0,18-06-1998,21:00,"Stade de France, Saint-Denis",1998
497,France,Denmark,2–1,24-06-1998,16:00,"Stade Gerland, Lyon",1998
498,South Africa,Saudi Arabia,2–2,24-06-1998,16:00,"Parc Lescure, Bordeaux",1998
499,Paraguay,Bulgaria,0–0,12-06-1998,14:30,"Stade de la Mosson, Montpellier",1998
500,Spain,Nigeria,2–3,13-06-1998,14:30,"Stade de la Beaujoire, Nantes",1998
501,Nigeria,Bulgaria,1–0,19-06-1998,17:30,"Parc des Princes, Paris",1998
502,Spain,Paraguay,0–0,19-06-1998,21:00,"Stade Geoffroy-Guichard, Saint-Étienne",1998
503,Nigeria,Paraguay,1–3,24-06-1998,21:00,"Stade de Toulouse, Toulouse",1998
504,Spain,Bulgaria,6–1,24-06-1998,21:00,"Stade Félix-Bollaert, Lens",1998
505,South Korea,Mexico,1–3,13-06-1998,17:30,"Stade de Gerland, Lyon",1998
506,Netherlands,Belgium,0–0,13-06-1998,21:00,"Stade de France, Saint-Denis",1998
507,Belgium,Mexico,2–2,20-06-1998,17:30,"Parc Lescure, Bordeaux",1998
508,Netherlands,South Korea,5–0,20-06-1998,21:00,"Stade Vélodrome, Marseille",1998
509,Netherlands,Mexico,2–2,25-06-1998,16:00,"Stade Geoffroy-Guichard, Saint-Étienne",1998
510,Belgium,South Korea,1–1,25-06-1998,16:00,"Parc des Princes, Paris",1998
511,FR Yugoslavia,Iran,1–0,14-06-1998,17:30,"Stade Geoffroy-Guichard, Saint-Étienne",1998
512,Germany,United States,2–0,15-06-1998,21:00,"Parc des Princes, Paris",1998
513,Germany,FR Yugoslavia,2–2,21-06-1998,14:30,"Stade Félix-Bollaert, Lens",1998
514,United States,Iran,1–2,21-06-1998,21:00,"Stade de Gerland, Lyon",1998
515,Germany,Iran,2–0,25-06-1998,21:00,"Stade de la Mosson, Montpellier",1998
516,United States,FR Yugoslavia,0–1,25-06-1998,21:00,"Stade de la Beaujoire, Nantes",1998
517,England,Tunisia,2–0,15-06-1998,14:30,"Stade Vélodrome, Marseille",1998
518,Romania,Colombia,1–0,15-06-1998,17:30,"Stade de Gerland, Lyon",1998
519,Colombia,Tunisia,1–0,22-06-1998,17:30,"Stade de la Mosson, Montpellier",1998
520,Romania,England,2–1,22-06-1998,21:00,"Stade de Toulouse, Toulouse",1998
521,Colombia,England,0–2,26-06-1998,21:00,"Stade Félix-Bollaert, Lens",1998
522,Romania,Tunisia,1–1,26-06-1998,21:00,"Stade de France, Saint-Denis",1998
523,Argentina,Japan,1–0,14-06-1998,14:30,"Stade de Toulouse, Toulouse",1998
524,Jamaica,Croatia,1–3,14-06-1998,21:00,"Stade Félix-Bollaert, Lens",1998
525,Japan,Croatia,0–1,20-06-1998,14:30,"Stade de la Beaujoire, Nantes",1998
526,Argentina,Jamaica,5–0,21-06-1998,17:30,"Parc des Princes, Paris",1998
527,Argentina,Croatia,1–0,26-06-1998,16:00,"Parc Lescure, Bordeaux",1998
528,Japan,Jamaica,1–2,26-06-1998,16:00,"Stade Gerland, Lyon",1998
529,Italy,Norway,1–0,27-06-1998,16:30,"Stade Vélodrome, Marseille",1998
530,Brazil,Chile,4–1,27-06-1998,21:00,"Parc des Princes, Paris",1998
531,France,Paraguay,1–0 (a.e.t./g.g.),28-06-1998,16:30,"Stade Félix-Bollaert, Lens",1998
532,Nigeria,Denmark,1–4,28-06-1998,21:00,"Stade de France, Saint-Denis",1998
533,Germany,Mexico,2–1,29-06-1998,16:30,"Stade de la Mosson, Montpellier",1998
534,Netherlands,FR Yugoslavia,2–1,29-06-1998,21:00,"Stade de Toulouse, Toulouse",1998
535,Romania,Croatia,0–1,30-06-1998,16:30,"Parc Lescure, Bordeaux",1998
536,Argentina,England,2–2 P,30-06-1998,21:00,"Stade Geoffroy-Guichard, Saint-Étienne",1998
537,Italy,France,0–0 P,3-07-1998,16:30,"Stade de France, Saint-Denis",1998
538,Brazil,Denmark,3–2,3-07-1998,21:00,"Stade de la Beaujoire, Nantes",1998
539,Netherlands,Argentina,2–1,4-07-1998,16:30,"Stade Vélodrome, Marseille",1998
540,Germany,Croatia,0–3,4-07-1998,21:00,"Stade de Gerland, Lyon",1998
541,Brazil,Netherlands,1–1 P,7-07-1998,21:00,"Stade Vélodrome, Marseille",1998
542,France,Croatia,2–1,8-07-1998,21:00,"Stade de France, Saint-Denis",1998
543,Netherlands,Croatia,1–2,11-07-1998,21:00,"Parc des Princes, Paris",1998
544,Brazil,France,0–3,12-07-1998,21:00,"Stade de France, Saint-Denis",1998
545,France,Senegal,0–1,31-05-2002,20:30,"Seoul World Cup Stadium, Seoul",2002
546,Uruguay,Denmark,1–2,1-06-2002,18:00,"Munsu Football Stadium, Ulsan",2002
547,Denmark,Senegal,1–1,6-06-2002,15:30,"Daegu World Cup Stadium, Daegu",2002
548,France,Uruguay,0–0,6-06-2002,20:30,"Busan Asiad Main Stadium, Busan",2002
549,Denmark,France,2–0,11-06-2002,15:30,"Incheon World Cup Stadium, Incheon",2002
550,Senegal,Uruguay,3–3,11-06-2002,15:30,"Suwon World Cup Stadium, Suwon",2002
551,Paraguay,South Africa,2–2,2-06-2002,16:30,"Busan Asiad Main Stadium, Busan",2002
552,Spain,Slovenia,3–1,2-06-2002,20:30,"Gwangju World Cup Stadium, Gwangju",2002
553,Spain,Paraguay,3–1,7-06-2002,18:00,"Jeonju World Cup Stadium, Jeonju",2002
554,South Africa,Slovenia,1–0,8-06-2002,15:30,"Daegu World Cup Stadium, Daegu",2002
555,South Africa,Spain,2–3,12-06-2002,20:30,"Daejeon World Cup Stadium, Daejeon",2002
556,Slovenia,Paraguay,1–3,12-06-2002,20:30,"Jeju World Cup Stadium, Seogwipo",2002
557,Brazil,Turkey,2–1,3-06-2002,18:00,"Munsu Football Stadium, Ulsan",2002
558,China,Costa Rica,0–2,4-06-2002,15:30,"Gwangju World Cup Stadium, Gwangju",2002
559,Brazil,China,4–0,8-06-2002,20:30,"Jeju World Cup Stadium, Seogwipo",2002
560,Costa Rica,Turkey,1–1,9-06-2002,18:00,"Incheon World Cup Stadium, Incheon",2002
561,Costa Rica,Brazil,2–5,13-06-2002,15:30,"Suwon World Cup Stadium, Suwon",2002
562,Turkey,China,3–0,13-06-2002,15:30,"Seoul World Cup Stadium, Seoul",2002
563,South Korea,Poland,2–0,4-06-2002,20:30,"Busan Asiad Main Stadium, Busan",2002
564,United States,Portugal,3–2,5-06-2002,18:00,"Suwon World Cup Stadium, Suwon",2002
565,South Korea,United States,1–1,10-06-2002,15:30,"Daegu World Cup Stadium, Daegu",2002
566,Portugal,Poland,4–0,10-06-2002,20:30,"Jeonju World Cup Stadium, Jeonju",2002
567,Portugal,South Korea,0–1,14-06-2002,20:30,"Incheon World Cup Stadium, Incheon",2002
568,Poland,United States,3–1,14-06-2002,20:30,"Daejeon World Cup Stadium, Daejeon",2002
569,Republic of Ireland,Cameroon,1–1,1-06-2002,15:30,"Niigata Stadium, Niigata",2002
570,Germany,Saudi Arabia,8–0,1-06-2002,20:30,"Sapporo Dome, Sapporo",2002
571,Germany,Republic of Ireland,1–1,5-06-2002,20:30,"Kashima Soccer Stadium, Ibaraki",2002
572,Cameroon,Saudi Arabia,1–0,6-06-2002,18:00,"Saitama Stadium, Saitama",2002
573,Cameroon,Germany,0–2,11-06-2002,20:30,"Ecopa Stadium, Shizuoka",2002
574,Saudi Arabia,Republic of Ireland,0–3,11-06-2002,20:30,"International Stadium Yokohama, Yokohama",2002
575,Argentina,Nigeria,1–0,2-06-2002,14:30,"Kashima Soccer Stadium, Ibaraki",2002
576,England,Sweden,1–1,2-06-2002,18:30,"Saitama Stadium, Saitama",2002
577,Sweden,Nigeria,2–1,7-06-2002,15:30,"Wing Stadium, Kobe",2002
578,Argentina,England,0–1,7-06-2002,20:30,"Sapporo Dome, Sapporo",2002
579,Sweden,Argentina,1–1,12-06-2002,15:30,"Miyagi Stadium, Miyagi",2002
580,Nigeria,England,0–0,12-06-2002,15:30,"Nagai Stadium, Osaka",2002
581,Croatia,Mexico,0–1,3-06-2002,15:30,"Niigata Big Swan Stadium, Niigata",2002
582,Italy,Ecuador,2–0,3-06-2002,20:30,"Sapporo Dome, Sapporo",2002
583,Italy,Croatia,1–2,8-06-2002,18:00,"Kashima Soccer Stadium, Ibaraki",2002
584,Mexico,Ecuador,2–1,9-06-2002,15:30,"Miyagi Stadium, Miyagi",2002
585,Mexico,Italy,1–1,13-06-2002,20:30,"Ōita Big Eye Stadium, Ōita",2002
586,Ecuador,Croatia,1–0,13-06-2002,20:30,"International Stadium Yokohama, Yokohama",2002
587,Japan,Belgium,2–2,4-06-2002,18:00,"Saitama Stadium, Saitama",2002
588,Russia,Tunisia,2–0,5-06-2002,15:30,"Kobe Wing Stadium, Kobe",2002
589,Japan,Russia,1–0,9-06-2002,20:30,"International Stadium Yokohama, Yokohama",2002
590,Tunisia,Belgium,1–1,10-06-2002,18:00,"Ōita Big Eye Stadium, Ōita",2002
591,Tunisia,Japan,0–2,14-06-2002,15:30,"Nagai Stadium, Osaka",2002
592,Belgium,Russia,3–2,14-06-2002,15:30,"Shizuoka Ecopa Stadium, Fukuroi, Shizuoka",2002
593,Germany,Paraguay,1–0,15-06-2002,15:30,"Jeju World Cup Stadium, Seogwipo",2002
594,Denmark,England,0–3,15-06-2002,20:30,"Big Swan Stadium, Niigata",2002
595,Sweden,Senegal,1–2 (a.e.t./g.g.),16-06-2002,15:30,"Big Eye Stadium, Ōita",2002
596,Spain,Republic of Ireland,1–1 P,16-06-2002,20:30,"Suwon World Cup Stadium, Suwon",2002
597,Mexico,United States,0–2,17-06-2002,15:30,"Jeonju World Cup Stadium, Jeonju",2002
598,Brazil,Belgium,2–0,17-06-2002,20:30,"Kobe Wing Stadium, Kobe",2002
599,Japan,Turkey,0–1,18-06-2002,15:30,"Miyagi Stadium, Rifu",2002
600,South Korea,Italy,2–1 (a.e.t./g.g.),18-06-2002,20:30,"Daejeon World Cup Stadium, Daejeon",2002
601,England,Brazil,1–2,21-06-2002,15:30,"Stadium Ecopa, Shizuoka",2002
602,Germany,United States,1–0,21-06-2002,20:30,"Munsu Football Stadium, Ulsan",2002
603,Spain,South Korea,0–0 P,22-06-2002,15:30,"Gwangju World Cup Stadium, Gwangju",2002
604,Senegal,Turkey,0–1 (a.e.t./g.g.),22-06-2002,20:30,"Nagai Stadium, Osaka",2002
605,Germany,South Korea,1–0,25-06-2002,20:30,"Seoul World Cup Stadium, Seoul",2002
606,Brazil,Turkey,1–0,26-06-2002,20:30,"Saitama Stadium, Saitama",2002
607,South Korea,Turkey,2–3,29-06-2002,20:00,"Daegu World Cup Stadium, Daegu",2002
608,Germany,Brazil,0–2,30-06-2002,20:00,"International Stadium Yokohama, Yokohama",2002
609,Germany,Costa Rica,4–2,9-06-2006,18:00,"Allianz Arena, Munich",2006
610,Poland,Ecuador,0–2,9-06-2006,21:00,"Arena AufSchalke, Gelsenkirchen",2006
611,Germany,Poland,1–0,14-06-2006,21:00,"Westfalenstadion, Dortmund",2006
612,Ecuador,Costa Rica,3–0,15-06-2006,15:00,"Volksparkstadion, Hamburg",2006
613,Ecuador,Germany,0–3,20-06-2006,16:00,"Olympiastadion, Berlin",2006
614,Costa Rica,Poland,1–2,20-06-2006,16:00,"Niedersachsenstadion, Hanover",2006
615,England,Paraguay,1–0,10-06-2006,15:00,"Waldstadion, Frankfurt",2006
616,Trinidad and Tobago,Sweden,0–0,10-06-2006,18:00,"Westfalenstadion, Dortmund",2006
617,England,Trinidad and Tobago,2–0,15-06-2006,18:00,"Frankenstadion, Nuremberg",2006
618,Sweden,Paraguay,1–0,15-06-2006,21:00,"Olympiastadion, Berlin",2006
619,Sweden,England,2–2,20-06-2006,21:00,"RheinEnergieStadion, Cologne",2006
620,Paraguay,Trinidad and Tobago,2–0,20-06-2006,21:00,"Fritz-Walter-Stadion, Kaiserslautern",2006
621,Argentina,Ivory Coast,2–1,10-06-2006,21:00,"Volksparkstadion, Hamburg",2006
622,Serbia and Montenegro,Netherlands,0–1,11-06-2006,15:00,"Zentralstadion, Leipzig",2006
623,Argentina,Serbia and Montenegro,6–0,16-06-2006,15:00,"Arena AufSchalke, Gelsenkirchen",2006
624,Netherlands,Ivory Coast,2–1,16-06-2006,18:00,"Gottlieb-Daimler-Stadion, Stuttgart",2006
625,Netherlands,Argentina,0–0,21-06-2006,21:00,"Waldstadion, Frankfurt",2006
626,Ivory Coast,Serbia and Montenegro,3–2,21-06-2006,21:00,"Allianz Arena, Munich",2006
627,Mexico,Iran,3–1,11-06-2006,18:00,"Frankenstadion, Nuremberg",2006
628,Angola,Portugal,0–1,11-06-2006,21:00,"RheinEnergieStadion, Cologne",2006
629,Mexico,Angola,0–0,16-06-2006,21:00,"Niedersachsenstadion, Hanover",2006
630,Portugal,Iran,2–0,17-06-2006,15:00,"Waldstadion, Frankfurt",2006
631,Portugal,Mexico,2–1,21-06-2006,16:00,"Arena AufSchalke, Gelsenkirchen",2006
632,Iran,Angola,1–1,21-06-2006,16:00,"Zentralstadion, Leipzig",2006
633,United States,Czech Republic,0–3,12-06-2006,18:00,"Arena AufSchalke, Gelsenkirchen",2006
634,Italy,Ghana,2–0,12-06-2006,21:00,"Niedersachsenstadion, Hanover",2006
635,Czech Republic,Ghana,0–2,17-06-2006,18:00,"RheinEnergieStadion, Cologne",2006
636,Italy,United States,1–1,17-06-2006,21:00,"Fritz-Walter-Stadion, Kaiserslautern",2006
637,Czech Republic,Italy,0–2,22-06-2006,16:00,"Volksparkstadion, Hamburg",2006
638,Ghana,United States,2–1,22-06-2006,16:00,"Frankenstadion, Nuremberg",2006
639,Australia,Japan,3–1,12-06-2006,15:00,"Fritz-Walter-Stadion, Kaiserslautern",2006
640,Brazil,Croatia,1–0,13-06-2006,21:00,"Olympiastadion, Berlin",2006
641,Japan,Croatia,0–0,18-06-2006,15:00,"Frankenstadion, Nuremberg",2006
642,Brazil,Australia,2–0,18-06-2006,18:00,"Allianz Arena, Munich",2006
643,Japan,Brazil,1–4,22-06-2006,21:00,"Westfalenstadion, Dortmund",2006
644,Croatia,Australia,2–2,22-06-2006,21:00,"Gottlieb-Daimler-Stadion, Stuttgart",2006
645,South Korea,Togo,2–1,13-06-2006,15:00,"Waldstadion, Frankfurt",2006
646,France,Switzerland,0–0,13-06-2006,18:00,"Gottlieb-Daimler-Stadion, Stuttgart",2006
647,France,South Korea,1–1,18-06-2006,21:00,"Zentralstadion, Leipzig",2006
648,Togo,Switzerland,0–2,19-06-2006,15:00,"Westfalenstadion, Dortmund",2006
649,Togo,France,0–2,23-06-2006,21:00,"RheinEnergieStadion, Cologne",2006
650,Switzerland,South Korea,2–0,23-06-2006,21:00,"Niedersachsenstadion, Hanover",2006
651,Spain,Ukraine,4–0,14-06-2006,15:00,"Zentralstadion, Leipzig",2006
652,Tunisia,Saudi Arabia,2–2,14-06-2006,18:00,"Allianz Arena, Munich",2006
653,Saudi Arabia,Ukraine,0–4,19-06-2006,18:00,"Volksparkstadion, Hamburg",2006
654,Spain,Tunisia,3–1,19-06-2006,21:00,"Gottlieb-Daimler-Stadion, Stuttgart",2006
655,Saudi Arabia,Spain,0–1,23-06-2006,16:00,"Fritz-Walter-Stadion, Kaiserslautern",2006
656,Ukraine,Tunisia,1–0,23-06-2006,16:00,"Olympiastadion, Berlin",2006
657,Germany,Sweden,2–0,24-06-2006,17:00,"Allianz Arena, Munich",2006
658,Argentina,Mexico,2–1 P,24-06-2006,21:00,"Zentralstadion, Leipzig",2006
659,England,Ecuador,1–0,25-06-2006,17:00,"Gottlieb-Daimler-Stadion, Stuttgart",2006
660,Portugal,Netherlands,1–0,25-06-2006,21:00,"Frankenstadion, Nuremberg",2006
661,Italy,Australia,1–0,26-06-2006,17:00,"Fritz-Walter-Stadion, Kaiserslautern",2006
662,Switzerland,Ukraine,0–0 P,26-06-2006,21:00,"RheinEnergieStadion, Cologne",2006
663,Brazil,Ghana,3–0,27-06-2006,17:00,"Westfalenstadion, Dortmund",2006
664,Spain,France,1–3,27-06-2006,21:00,"Niedersachsenstadion, Hanover",2006
665,Germany,Argentina,1–1 P,30-06-2006,17:00,"Olympiastadion, Berlin",2006
666,Italy,Ukraine,3–0,30-06-2006,21:00,"Volksparkstadion, Hamburg",2006
667,England,Portugal,0–0 P,1-07-2006,17:00,"Arena AufSchalke, Gelsenkirchen",2006
668,Brazil,France,0–1,1-07-2006,21:00,"Waldstadion, Frankfurt",2006
669,Germany,Italy,0–2 P,4-07-2006,21:00,"Westfalenstadion, Dortmund",2006
670,Portugal,France,0–1,5-07-2006,21:00,"Allianz Arena, Munich",2006
671,Germany,Portugal,3–1,8-07-2006,21:00,"Gottlieb-Daimler-Stadion, Stuttgart",2006
672,Italy,France,1–1 P,9-07-2006,20:00,"Olympiastadion, Berlin",2006
673,South Africa,Mexico,1–1,11-06-2010,16:00,"Soccer City, Johannesburg",2010
674,Uruguay,France,0–0,11-06-2010,20:30,"Cape Town Stadium, Cape Town",2010
675,South Africa,Uruguay,0–3,16-06-2010,20:30,"Loftus Versfeld Stadium, Pretoria",2010
676,France,Mexico,0–2,17-06-2010,20:30,"Peter Mokaba Stadium, Polokwane",2010
677,Mexico,Uruguay,0–1,22-06-2010,16:00,"Royal Bafokeng Stadium, Rustenburg",2010
678,France,South Africa,1–2,22-06-2010,16:00,"Free State Stadium, Bloemfontein",2010
679,South Korea,Greece,2–0,12-06-2010,13:30,"Nelson Mandela Bay Stadium, Port Elizabeth",2010
680,Argentina,Nigeria,1–0,12-06-2010,16:00,"Ellis Park Stadium, Johannesburg",2010
681,Argentina,South Korea,4–1,17-06-2010,13:30,"Soccer City, Johannesburg",2010
682,Greece,Nigeria,2–1,17-06-2010,16:00,"Free State Stadium, Bloemfontein",2010
683,Nigeria,South Korea,2–2,22-06-2010,20:30,"Moses Mabhida Stadium, Durban",2010
684,Greece,Argentina,0–2,22-06-2010,20:30,"Peter Mokaba Stadium, Polokwane",2010
685,England,United States,1–1,12-06-2010,20:30,"Royal Bafokeng Stadium, Rustenburg",2010
686,Algeria,Slovenia,0–1,13-06-2010,13:30,"Peter Mokaba Stadium, Polokwane",2010
687,Slovenia,United States,2–2,18-06-2010,16:00,"Ellis Park Stadium, Johannesburg",2010
688,England,Algeria,0–0,18-06-2010,20:30,"Cape Town Stadium, Cape Town",2010
689,Slovenia,England,0–1,23-06-2010,16:00,"Nelson Mandela Bay Stadium, Port Elizabeth",2010
690,United States,Algeria,1–0,23-06-2010,16:00,"Loftus Versfeld Stadium, Pretoria",2010
691,Serbia,Ghana,0–1,13-06-2010,16:00,"Loftus Versfeld Stadium, Pretoria",2010
692,Germany,Australia,4–0,13-06-2010,20:30,"Moses Mabhida Stadium, Durban",2010
693,Germany,Serbia,0–1,18-06-2010,13:30,"Nelson Mandela Bay Stadium, Port Elizabeth",2010
694,Ghana,Australia,1–1,19-06-2010,16:00,"Royal Bafokeng Stadium, Rustenburg",2010
695,Ghana,Germany,0–1,23-06-2010,20:30,"Soccer City, Johannesburg",2010
696,Australia,Serbia,2–1,23-06-2010,20:30,"Mbombela Stadium, Nelspruit",2010
697,Netherlands,Denmark,2–0,14-06-2010,13:30,"Soccer City, Johannesburg",2010
698,Japan,Cameroon,1–0,14-06-2010,16:00,"Free State Stadium, Bloemfontein",2010
699,Netherlands,Japan,1–0,19-06-2010,13:30,"Moses Mabhida Stadium, Durban",2010
700,Cameroon,Denmark,1–2,19-06-2010,20:30,"Loftus Versfeld Stadium, Pretoria",2010
701,Denmark,Japan,1–3,24-06-2010,20:30,"Royal Bafokeng Stadium, Rustenburg",2010
702,Cameroon,Netherlands,1–2,24-06-2010,20:30,"Cape Town Stadium, Cape Town",2010
703,Italy,Paraguay,1–1,14-06-2010,20:30,"Cape Town Stadium, Cape Town",2010
704,New Zealand,Slovakia,1–1,15-06-2010,13:30,"Royal Bafokeng Stadium, Rustenburg",2010
705,Slovakia,Paraguay,0–2,20-06-2010,13:30,"Free State Stadium, Bloemfontein",2010
706,Italy,New Zealand,1–1,20-06-2010,16:00,"Mbombela Stadium, Nelspruit",2010
707,Slovakia,Italy,3–2,24-06-2010,16:00,"Ellis Park Stadium, Johannesburg",2010
708,Paraguay,New Zealand,0–0,24-06-2010,16:00,"Peter Mokaba Stadium, Polokwane",2010
709,Ivory Coast,Portugal,0–0,15-06-2010,16:00,"Nelson Mandela Bay Stadium, Port Elizabeth",2010
710,Brazil,North Korea,2–1,15-06-2010,20:30,"Ellis Park Stadium, Johannesburg",2010
711,Brazil,Ivory Coast,3–1,20-06-2010,20:30,"Soccer City, Johannesburg",2010
712,Portugal,North Korea,7–0,21-06-2010,13:30,"Cape Town Stadium, Cape Town",2010
713,Portugal,Brazil,0–0,25-06-2010,16:00,"Moses Mabhida Stadium, Durban",2010
714,North Korea,Ivory Coast,0–3,25-06-2010,16:00,"Mbombela Stadium, Nelspruit",2010
715,Honduras,Chile,0–1,16-06-2010,13:30,"Mbombela Stadium, Nelspruit",2010
716,Spain,Switzerland,0–1,16-06-2010,16:00,"Moses Mabhida Stadium, Durban",2010
717,Chile,Switzerland,1–0,21-06-2010,16:00,"Nelson Mandela Bay Stadium, Port Elizabeth",2010
718,Spain,Honduras,2–0,21-06-2010,20:30,"Ellis Park Stadium, Johannesburg",2010
719,Chile,Spain,1–2,25-06-2010,20:30,"Loftus Versfeld Stadium, Pretoria",2010
720,Switzerland,Honduras,0–0,25-06-2010,20:30,"Free State Stadium, Bloemfontein",2010
721,Uruguay,South Korea,2–1,26-06-2010,16:00,"Nelson Mandela Bay Stadium, Port Elizabeth",2010
722,United States,Ghana,1–2 P,26-06-2010,20:30,"Royal Bafokeng Stadium, Rustenburg",2010
723,Germany,England,4–1,27-06-2010,16:00,"Free State Stadium, Bloemfontein",2010
724,Argentina,Mexico,3–1,27-06-2010,20:30,"Soccer City, Johannesburg",2010
725,Netherlands,Slovakia,2–1,28-06-2010,16:00,"Moses Mabhida Stadium, Durban",2010
726,Brazil,Chile,3–0,28-06-2010,20:30,"Ellis Park Stadium, Johannesburg",2010
727,Paraguay,Japan,0–0 P,29-06-2010,16:00,"Loftus Versfeld Stadium, Pretoria",2010
728,Spain,Portugal,1–0,29-06-2010,20:30,"Cape Town Stadium, Cape Town",2010
729,Netherlands,Brazil,2–1,2-07-2010,16:00,"Nelson Mandela Bay Stadium, Port Elizabeth",2010
730,Uruguay,Ghana,1–1 P,2-07-2010,20:30,"Soccer City, Johannesburg",2010
731,Argentina,Germany,0–4,3-07-2010,16:00,"Cape Town Stadium, Cape Town",2010
732,Paraguay,Spain,0–1,3-07-2010,20:30,"Ellis Park Stadium, Johannesburg",2010
733,Uruguay,Netherlands,2–3,6-07-2010,20:30,"Cape Town Stadium, Cape Town",2010
734,Germany,Spain,0–1,7-07-2010,20:30,"Moses Mabhida Stadium, Durban",2010
735,Uruguay,Germany,2–3,10-07-2010,20:30,"Nelson Mandela Bay Stadium, Port Elizabeth",2010
736,Netherlands,Spain,0–1 P,11-07-2010,20:30,"Soccer City, Johannesburg",2010
737,Brazil,Croatia,3–1,12-06-2014,17:00,"Arena de São Paulo, São Paulo",2014
738,Mexico,Cameroon,1–0,13-06-2014,13:00,"Arena das Dunas, Natal",2014
739,Brazil,Mexico,0–0,17-06-2014,16:00,"Estádio Castelão, Fortaleza",2014
740,Cameroon,Croatia,0–4,18-06-2014,18:00,"Arena da Amazônia, Manaus",2014
741,Cameroon,Brazil,1–4,23-06-2014,17:00,"Estádio Nacional Mané Garrincha, Brasília",2014
742,Croatia,Mexico,1–3,23-06-2014,17:00,"Itaipava Arena Pernambuco, Recife",2014
743,Spain,Netherlands,1–5,13-06-2014,16:00,"Itaipava Arena Fonte Nova, Salvador",2014
744,Chile,Australia,3–1,13-06-2014,18:00,"Arena Pantanal, Cuiabá",2014
745,Australia,Netherlands,2–3,18-06-2014,13:00,"Estádio Beira-Rio, Porto Alegre",2014
746,Spain,Chile,0–2,18-06-2014,16:00,"Estádio do Maracanã, Rio de Janeiro",2014
747,Australia,Spain,0–3,23-06-2014,13:00,"Arena da Baixada, Curitiba",2014
748,Netherlands,Chile,2–0,23-06-2014,13:00,"Arena de São Paulo, São Paulo",2014
749,Colombia,Greece,3–0,14-06-2014,13:00,"Estádio Mineirão, Belo Horizonte",2014
750,Ivory Coast,Japan,2–1,14-06-2014,22:00,"Itaipava Arena Pernambuco, Recife",2014
751,Colombia,Ivory Coast,2–1,19-06-2014,13:00,"Estádio Nacional Mané Garrincha, Brasília",2014
752,Japan,Greece,0–0,19-06-2014,19:00,"Arena das Dunas, Natal",2014
753,Japan,Colombia,1–4,24-06-2014,16:00,"Arena Pantanal, Cuiabá",2014
754,Greece,Ivory Coast,2–1,24-06-2014,17:00,"Estádio Castelão, Fortaleza",2014
755,Uruguay,Costa Rica,1–3,14-06-2014,16:00,"Estádio Castelão, Fortaleza",2014
756,England,Italy,1–2,14-06-2014,18:00,"Arena da Amazônia, Manaus",2014
757,Uruguay,England,2–1,19-06-2014,16:00,"Arena de São Paulo, São Paulo",2014
758,Italy,Costa Rica,0–1,20-06-2014,13:00,"Itaipava Arena Pernambuco, Recife",2014
759,Italy,Uruguay,0–1,24-06-2014,13:00,"Arena das Dunas, Natal",2014
760,Costa Rica,England,0–0,24-06-2014,13:00,"Estádio Mineirão, Belo Horizonte",2014
761,Switzerland,Ecuador,2–1,15-06-2014,13:00,"Estádio Nacional Mané Garrincha, Brasília",2014
762,France,Honduras,3–0,15-06-2014,16:00,"Estádio Beira-Rio, Porto Alegre",2014
763,Switzerland,France,2–5,20-06-2014,16:00,"Itaipava Arena Fonte Nova, Salvador",2014
764,Honduras,Ecuador,1–2,20-06-2014,19:00,"Arena da Baixada, Curitiba",2014
765,Honduras,Switzerland,0–3,25-06-2014,16:00,"Arena da Amazônia, Manaus",2014
766,Ecuador,France,0–0,25-06-2014,17:00,"Estádio do Maracanã, Rio de Janeiro",2014
767,Argentina,Bosnia and Herzegovina,2–1,15-06-2014,19:00,"Estádio do Maracanã, Rio de Janeiro",2014
768,Iran,Nigeria,0–0,16-06-2014,16:00,"Arena da Baixada, Curitiba",2014
769,Argentina,Iran,1–0,21-06-2014,13:00,"Estádio Mineirão, Belo Horizonte",2014
770,Nigeria,Bosnia and Herzegovina,1–0,21-06-2014,18:00,"Arena Pantanal, Cuiabá",2014
771,Nigeria,Argentina,2–3,25-06-2014,13:00,"Estádio Beira-Rio, Porto Alegre",2014
772,Bosnia and Herzegovina,Iran,3–1,25-06-2014,13:00,"Itaipava Arena Fonte Nova, Salvador",2014
773,Germany,Portugal,4–0,16-06-2014,13:00,"Itaipava Arena Fonte Nova, Salvador",2014
774,Ghana,United States,1–2,16-06-2014,19:00,"Arena das Dunas, Natal",2014
775,Germany,Ghana,2–2,21-06-2014,16:00,"Estádio Castelão, Fortaleza",2014
776,United States,Portugal,2–2,22-06-2014,18:00,"Arena da Amazônia, Manaus",2014
777,United States,Germany,0–1,26-06-2014,13:00,"Itaipava Arena Pernambuco, Recife",2014
778,Portugal,Ghana,2–1,26-06-2014,13:00,"Estádio Nacional Mané Garrincha, Brasília",2014
779,Belgium,Algeria,2–1,17-06-2014,13:00,"Estádio Mineirão, Belo Horizonte",2014
780,Russia,South Korea,1–1,17-06-2014,18:00,"Arena Pantanal, Cuiabá",2014
781,Belgium,Russia,1–0,22-06-2014,13:00,"Estádio do Maracanã, Rio de Janeiro",2014
782,South Korea,Algeria,2–4,22-06-2014,16:00,"Estádio Beira-Rio, Porto Alegre",2014
783,South Korea,Belgium,0–1,26-06-2014,17:00,"Arena de São Paulo, São Paulo",2014
784,Algeria,Russia,1–1,26-06-2014,17:00,"Arena da Baixada, Curitiba",2014
785,Brazil,Chile,1–1 P,28-06-2014,13:00,"Estádio Mineirão, Belo Horizonte",2014
786,Colombia,Uruguay,2–0,28-06-2014,17:00,"Estádio do Maracanã, Rio de Janeiro",2014
787,Netherlands,Mexico,2–1,29-06-2014,13:00,"Estádio Castelão, Fortaleza",2014
788,Costa Rica,Greece,1–1 P,29-06-2014,17:00,"Itaipava Arena Pernambuco, Recife",2014
789,France,Nigeria,2–0,30-06-2014,13:00,"Estádio Nacional Mané Garrincha, Brasília",2014
790,Germany,Algeria,2–1 P,30-06-2014,17:00,"Estádio Beira-Rio, Porto Alegre",2014
791,Argentina,Switzerland,1–0 P,1-07-2014,13:00,"Arena Corinthians, São Paulo",2014
792,Belgium,United States,2–1 P,1-07-2014,17:00,"Itaipava Arena Fonte Nova, Salvador",2014
793,France,Germany,0–1,4-07-2014,13:00,"Estádio do Maracanã, Rio de Janeiro",2014
794,Brazil,Colombia,2–1,4-07-2014,17:00,"Estádio Castelão, Fortaleza",2014
795,Argentina,Belgium,1–0,5-07-2014,13:00,"Estádio Nacional Mané Garrincha, Brasília",2014
796,Netherlands,Costa Rica,0–0 P,5-07-2014,17:00,"Itaipava Arena Fonte Nova, Salvador",2014
797,Brazil,Germany,1–7,8-07-2014,17:00,"Estádio Mineirão, Belo Horizonte",2014
798,Netherlands,Argentina,0–0 P,9-07-2014,17:00,"Arena Corinthians, São Paulo",2014
799,Brazil,Netherlands,0–3,12-07-2014,17:00,"Estádio Nacional Mané Garrincha, Brasília",2014
800,Germany,Argentina,1–0 P,13-07-2014,16:00,"Maracanã Stadium, Rio de Janeiro",2014
801,Russia,Saudi Arabia,5–0,14-06-2018,18:00,"Luzhniki Stadium, Moscow",2018
802,Egypt,Uruguay,0–1,15-06-2018,17:00,"Central Stadium, Yekaterinburg",2018
803,Russia,Egypt,3–1,19-06-2018,21:00,"Krestovsky Stadium, Saint Petersburg",2018
804,Uruguay,Saudi Arabia,1–0,20-06-2018,18:00,"Rostov Arena, Rostov-on-Don",2018
805,Uruguay,Russia,3–0,25-06-2018,18:00,"Cosmos Arena, Samara",2018
806,Saudi Arabia,Egypt,2–1,25-06-2018,17:00,"Volgograd Arena, Volgograd",2018
807,Morocco,Iran,0–1,15-06-2018,18:00,"Krestovsky Stadium, Saint Petersburg",2018
808,Portugal,Spain,3–3,15-06-2018,21:00,"Fisht Olympic Stadium, Sochi",2018
809,Portugal,Morocco,1–0,20-06-2018,15:00,"Luzhniki Stadium, Moscow",2018
810,Iran,Spain,0–1,20-06-2018,21:00,"Kazan Arena, Kazan",2018
811,Iran,Portugal,1–1,25-06-2018,21:00,"Mordovia Arena, Saransk",2018
812,Spain,Morocco,2–2,25-06-2018,20:00,"Kaliningrad Stadium, Kaliningrad",2018
813,France,Australia,2–1,16-06-2018,13:00,"Kazan Arena, Kazan",2018
814,Peru,Denmark,0–1,16-06-2018,19:00,"Mordovia Arena, Saransk",2018
815,Denmark,Australia,1–1,21-06-2018,16:00,"Cosmos Arena, Samara",2018
816,France,Peru,1–0,21-06-2018,20:00,"Central Stadium, Yekaterinburg",2018
817,Denmark,France,0–0,26-06-2018,17:00,"Luzhniki Stadium, Moscow",2018
818,Australia,Peru,0–2,26-06-2018,17:00,"Fisht Olympic Stadium, Sochi",2018
819,Argentina,Iceland,1–1,16-06-2018,16:00,"Otkritie Arena, Moscow",2018
820,Croatia,Nigeria,2–0,16-06-2018,21:00,"Kaliningrad Stadium, Kaliningrad",2018
821,Argentina,Croatia,0–3,21-06-2018,21:00,"Nizhny Novgorod Stadium, Nizhny Novgorod",2018
822,Nigeria,Iceland,2–0,22-06-2018,18:00,"Volgograd Arena, Volgograd",2018
823,Nigeria,Argentina,1–2,26-06-2018,21:00,"Krestovsky Stadium, Saint Petersburg",2018
824,Iceland,Croatia,1–2,26-06-2018,21:00,"Rostov Arena, Rostov-on-Don",2018
825,Costa Rica,Serbia,0–1,17-06-2018,16:00,"Cosmos Arena, Samara",2018
826,Brazil,Switzerland,1–1,17-06-2018,21:00,"Rostov Arena, Rostov-on-Don",2018
827,Brazil,Costa Rica,2–0,22-06-2018,15:00,"Krestovsky Stadium, Saint Petersburg",2018
828,Serbia,Switzerland,1–2,22-06-2018,20:00,"Kaliningrad Stadium, Kaliningrad",2018
829,Serbia,Brazil,0–2,27-06-2018,21:00,"Otkritie Arena, Moscow",2018
830,Switzerland,Costa Rica,2–2,27-06-2018,21:00,"Nizhny Novgorod Stadium, Nizhny Novgorod",2018
831,Germany,Mexico,0–1,17-06-2018,18:00,"Luzhniki Stadium, Moscow",2018
832,Sweden,South Korea,1–0,18-06-2018,15:00,"Nizhny Novgorod Stadium, Nizhny Novgorod",2018
833,South Korea,Mexico,1–2,23-06-2018,18:00,"Rostov Arena, Rostov-on-Don",2018
834,Germany,Sweden,2–1,23-06-2018,21:00,"Fisht Olympic Stadium, Sochi",2018
835,South Korea,Germany,2–0,27-06-2018,17:00,"Kazan Arena, Kazan",2018
836,Mexico,Sweden,0–3,27-06-2018,19:00,"Central Stadium, Yekaterinburg",2018
837,Belgium,Panama,3–0,18-06-2018,18:00,"Fisht Olympic Stadium, Sochi",2018
838,Tunisia,England,1–2,18-06-2018,21:00,"Volgograd Arena, Volgograd",2018
839,Belgium,Tunisia,5–2,23-06-2018,15:00,"Otkritie Arena, Moscow",2018
840,England,Panama,6–1,24-06-2018,15:00,"Nizhny Novgorod Stadium, Nizhny Novgorod",2018
841,England,Belgium,0–1,28-06-2018,20:00,"Kaliningrad Stadium, Kaliningrad",2018
842,Panama,Tunisia,1–2,28-06-2018,21:00,"Mordovia Arena, Saransk",2018
843,Colombia,Japan,1–2,19-06-2018,15:00,"Mordovia Arena, Saransk",2018
844,Poland,Senegal,1–2,19-06-2018,18:00,"Otkritie Arena, Moscow",2018
845,Japan,Senegal,2–2,24-06-2018,20:00,"Central Stadium, Yekaterinburg",2018
846,Poland,Colombia,0–3,24-06-2018,21:00,"Kazan Arena, Kazan",2018
847,Japan,Poland,0–1,28-06-2018,17:00,"Volgograd Arena, Volgograd",2018
848,Senegal,Colombia,0–1,28-06-2018,18:00,"Cosmos Arena, Samara",2018
849,France,Argentina,4–3,30-06-2018,17:00,"Kazan Arena, Kazan",2018
850,Uruguay,Portugal,2–1,30-06-2018,21:00,"Fisht Olympic Stadium, Sochi",2018
851,Spain,Russia,1–1 P,1-07-2018,17:00,"Luzhniki Stadium, Moscow",2018
852,Croatia,Denmark,1–1 P,1-07-2018,21:00,"Nizhny Novgorod Stadium, Nizhny Novgorod",2018
853,Brazil,Mexico,2–0,2-07-2018,18:00,"Cosmos Arena, Samara",2018
854,Belgium,Japan,3–2,2-07-2018,21:00,"Rostov Arena, Rostov-on-Don",2018
855,Sweden,Switzerland,1–0,3-07-2018,17:00,"Krestovsky Stadium, Saint Petersburg",2018
856,Colombia,England,1–1 P,3-07-2018,21:00,"Otkritie Arena, Moscow",2018
857,Uruguay,France,0–2,6-07-2018,17:00,"Nizhny Novgorod Stadium, Nizhny Novgorod",2018
858,Brazil,Belgium,1–2,6-07-2018,21:00,"Kazan Arena, Kazan",2018
859,Sweden,England,0–2,7-07-2018,18:00,"Cosmos Arena, Samara",2018
860,Russia,Croatia,2–2 P,7-07-2018,21:00,"Fisht Olympic Stadium, Sochi",2018
861,France,Belgium,1–0,10-07-2018,21:00,"Krestovsky Stadium, Saint Petersburg",2018
862,Croatia,England,2–1 P,11-07-2018,21:00,"Luzhniki Stadium, Moscow",2018
863,Belgium,England,2–0,14-07-2018,17:00,"Krestovsky Stadium, Saint Petersburg",2018
864,France,Croatia,4–2,15-07-2018,18:00,"Luzhniki Stadium, Moscow",2018
865,Qatar,Ecuador,0–2,20-11-2022,19:00,"Al Bayt Stadium, Al Khor",2022
866,Senegal,Netherlands,0–2,21-11-2022,19:00,"Al Thumama Stadium, Doha",2022
867,Qatar,Senegal,1–3,25-11-2022,16:00,"Al Thumama Stadium, Doha",2022
868,Netherlands,Ecuador,1–1,25-11-2022,19:00,"Khalifa International Stadium, Al Rayyan",2022
869,Ecuador,Senegal,1–2,29-11-2022,18:00,"Khalifa International Stadium, Al Rayyan",2022
870,Netherlands,Qatar,2–0,29-11-2022,18:00,"Al Bayt Stadium, Al Khor",2022
871,England,Iran,6–2,21-11-2022,16:00,"Khalifa International Stadium, Al Rayyan",2022
872,United States,Wales,1–1,21-11-2022,22:00,"Ahmad bin Ali Stadium, Al Rayyan",2022
873,Wales,Iran,0–2,25-11-2022,13:00,"Ahmad bin Ali Stadium, Al Rayyan",2022
874,England,United States,0–0,25-11-2022,22:00,"Al Bayt Stadium, Al Khor",2022
875,Wales,England,0–3,29-11-2022,22:00,"Ahmad bin Ali Stadium, Al Rayyan",2022
876,Iran,United States,0–1,29-11-2022,22:00,"Al Thumama Stadium, Doha",2022
877,Argentina,Saudi Arabia,1–2,22-11-2022,13:00,"Lusail Stadium, Lusail",2022
878,Mexico,Poland,0–0,22-11-2022,19:00,"Stadium 974, Doha",2022
879,Poland,Saudi Arabia,2–0,26-11-2022,16:00,"Education City Stadium, Al Rayyan",2022
880,Argentina,Mexico,2–0,26-11-2022,22:00,"Lusail Stadium, Lusail",2022
881,Poland,Argentina,0–2,30-11-2022,22:00,"Stadium 974, Doha",2022
882,Saudi Arabia,Mexico,1–2,30-11-2022,22:00,"Lusail Stadium, Lusail",2022
883,Denmark,Tunisia,0–0,22-11-2022,16:00,"Education City Stadium, Al Rayyan",2022
884,France,Australia,4–1,22-11-2022,22:00,"Al Janoub Stadium, Al Wakrah",2022
885,Tunisia,Australia,0–1,26-11-2022,13:00,"Al Janoub Stadium, Al Wakrah",2022
886,France,Denmark,2–1,26-11-2022,19:00,"Stadium 974, Doha",2022
887,Australia,Denmark,1–0,30-11-2022,18:00,"Al Janoub Stadium, Al Wakrah",2022
888,Tunisia,France,1–0,30-11-2022,18:00,"Education City Stadium, Al Rayyan",2022
889,Germany,Japan,1–2,23-11-2022,16:00,"Khalifa International Stadium, Al Rayyan",2022
890,Spain,Costa Rica,7–0,23-11-2022,19:00,"Al Thumama Stadium, Doha",2022
891,Japan,Costa Rica,0–1,27-11-2022,13:00,"Ahmad bin Ali Stadium, Al Rayyan",2022
892,Spain,Germany,1–1,27-11-2022,22:00,"Al Bayt Stadium, Al Khor",2022
893,Japan,Spain,2–1,1-12-2022,22:00,"Khalifa International Stadium, Al Rayyan",2022
894,Costa Rica,Germany,2–4,1-12-2022,22:00,"Al Bayt Stadium, Al Khor",2022
895,Morocco,Croatia,0–0,23-11-2022,13:00,"Al Bayt Stadium, Al Khor",2022
896,Belgium,Canada,1–0,23-11-2022,22:00,"Ahmad bin Ali Stadium, Al Rayyan",2022
897,Belgium,Morocco,0–2,27-11-2022,16:00,"Al Thumama Stadium, Doha",2022
898,Croatia,Canada,4–1,27-11-2022,19:00,"Khalifa International Stadium, Al Rayyan",2022
899,Croatia,Belgium,0–0,1-12-2022,18:00,"Ahmad bin Ali Stadium, Al Rayyan",2022
900,Canada,Morocco,1–2,1-12-2022,18:00,"Al Thumama Stadium, Doha",2022
901,Switzerland,Cameroon,1–0,24-11-2022,13:00,"Al Janoub Stadium, Al Wakrah",2022
902,Brazil,Serbia,2–0,24-11-2022,22:00,"Lusail Stadium, Lusail",2022
903,Cameroon,Serbia,3–3,28-11-2022,13:00,"Al Janoub Stadium, Al Wakrah",2022
904,Brazil,Switzerland,1–0,28-11-2022,19:00,"Stadium 974, Doha",2022
905,Serbia,Switzerland,2–3,2-12-2022,22:00,"Stadium 974, Doha",2022
906,Cameroon,Brazil,1–0,2-12-2022,22:00,"Lusail Stadium, Lusail",2022
907,Uruguay,South Korea,0–0,24-11-2022,16:00,"Education City Stadium, Al Rayyan",2022
908,Portugal,Ghana,3–2,24-11-2022,19:00,"Stadium 974, Doha",2022
909,South Korea,Ghana,2–3,28-11-2022,16:00,"Education City Stadium, Al Rayyan",2022
910,Portugal,Uruguay,2–0,28-11-2022,22:00,"Lusail Stadium, Lusail",2022
911,Ghana,Uruguay,0–2,2-12-2022,18:00,"Al Janoub Stadium, Al Wakrah",2022
912,South Korea,Portugal,2–1,2-12-2022,18:00,"Education City Stadium, Al Rayyan",2022
913,Netherlands,United States,3–1,3-12-2022,18:00,"Khalifa International Stadium, Al Rayyan",2022
914,Argentina,Australia,2–1,3-12-2022,22:00,"Ahmad bin Ali Stadium, Al Rayyan",2022
915,France,Poland,3–1,4-12-2022,18:00,"Al Thumama Stadium, Doha",2022
916,England,Senegal,3–0,4-12-2022,22:00,"Al Bayt Stadium, Al Khor",2022
917,Japan,Croatia,1–1 P,5-12-2022,18:00,"Al Janoub Stadium, Al Wakrah",2022
918,Brazil,South Korea,4–1,5-12-2022,22:00,"Stadium 974, Doha",2022
919,Morocco,Spain,0–0 P,6-12-2022,18:00,"Education City Stadium, Al Rayyan",2022
920,Portugal,Switzerland,6–1,6-12-2022,22:00,"Lusail Stadium, Lusail",2022
921,Croatia,Brazil,1–1 P,9-12-2022,18:00,"Education City Stadium, Al Rayyan",2022
922,Netherlands,Argentina,2–2 P,9-12-2022,22:00,"Lusail Stadium, Lusail",2022
923,Morocco,Portugal,1–0,10-12-2022,18:00,"Al Thumama Stadium, Doha",2022
924,England,France,1–2,10-12-2022,22:00,"Al Bayt Stadium, Al Khor",2022
925,Argentina,Croatia,3–0,13-12-2022,22:00,"Lusail Stadium, Lusail",2022
926,France,Morocco,2–0,14-12-2022,22:00,"Al Bayt Stadium, Al Khor",2022
927,Croatia,Morocco,2–1,17-12-2022,18:00,"Khalifa International Stadium, Al Rayyan",2022
928,Argentina,France,3–3 P,18-12-2022,18:00,"Lusail Stadium, Lusail",2022
